Access ID,Customer ID ,Product Group ID,Access Date,Page Views,Time Spent,Device Used,Referrer URL,Session Duration,Conversion Rate,Bounce Rate
1,1,1,2023-08-13,200.0,3.0,Laptop,ABC.com,11,0.08,0.7
2,2,2,2023-01-22,50.0,18.0,Desktop,ABC.com,8,0.01,0.4
3,3,3,2023-10-04,300.0,18.0,Desktop,ABC.com,15,0.09,0.7
4,4,4,2023-01-08,900.0,13.0,Smartphone,ABC.com,20,0.04,0.3
5,5,5,2023-01-30,10.0,11.918592964824121,Desktop,ABC.com,29,0.02,0.6
6,6,6,2023-12-15,60.0,15.0,Laptop,ABC.com,15,0.08,0.4
7,7,7,2023-01-30,400.0,11.918592964824121,Smartphone,ABC.com,12,0.02,0.6
8,8,8,2023-01-17,323.1959798994975,12.0,Tablet,ABC.com,8,0.08,0.7
9,9,9,2023-01-30,700.0,11.918592964824121,Desktop,ABC.com,29,0.05,0.9
10,10,10,2023-06-04,323.1959798994975,11.918592964824121,Smartphone,ABC.com,10,0.09,0.3
11,11,11,2023-01-30,100.0,3.0,Desktop,ABC.com,8,0.01,0.7
12,12,12,2023-06-27,400.0,16.0,Tablet,ABC.com,10,0.01,0.2
13,13,13,2023-06-11,323.1959798994975,14.0,Tablet,ABC.com,8,0.01,0.4
14,14,14,2023-01-30,400.0,6.0,Tablet,ABC.com,10,0.05,0.3
15,15,15,2023-09-24,323.1959798994975,18.0,Laptop,ABC.com,8,0.09,0.2
16,16,16,2023-02-06,800.0,11.918592964824121,Desktop,ABC.com,15,0.08,0.3
17,17,17,2023-01-30,60.0,14.0,Desktop,ABC.com,10,0.06,0.2
18,18,18,2023-10-23,323.1959798994975,11.0,Smartphone,ABC.com,8,0.05,0.7
19,19,19,2023-12-24,600.0,12.0,Laptop,ABC.com,12,0.01,0.6
20,20,20,2023-03-06,90.0,13.0,Laptop,ABC.com,10,0.08,0.4
21,21,21,2023-01-30,1000.0,18.0,Desktop,ABC.com,15,0.04,0.9
22,22,22,2023-04-28,50.0,16.0,Laptop,ABC.com,15,0.05,0.7
23,23,23,2023-12-20,300.0,3.0,Desktop,ABC.com,8,0.03,0.7
24,24,24,2023-11-28,60.0,10.0,Tablet,ABC.com,8,0.09,0.4
25,25,25,2023-01-01,900.0,15.0,Smartphone,ABC.com,10,0.07,0.3
26,26,26,2023-04-25,200.0,12.0,Laptop,ABC.com,8,0.08,0.3
27,27,27,2023-11-07,80.0,11.0,Desktop,ABC.com,8,0.02,0.2
28,28,28,2023-06-27,800.0,12.0,Tablet,ABC.com,15,0.07,0.7
29,29,29,2023-04-21,900.0,9.0,Laptop,ABC.com,12,0.05,0.2
30,30,30,2023-11-10,900.0,16.0,Smartphone,ABC.com,12,0.07,0.7
31,31,31,2023-05-20,90.0,14.0,Smartphone,ABC.com,29,0.09,0.4
32,32,32,2023-12-01,700.0,3.0,Smartphone,ABC.com,8,0.01,0.4
33,33,33,2023-04-13,800.0,3.0,Tablet,ABC.com,11,0.05,0.7
34,34,34,2023-05-30,70.0,18.0,Smartphone,ABC.com,29,0.01,0.5
35,35,35,2023-07-10,20.0,16.0,Smartphone,ABC.com,10,0.08,0.6
36,36,36,2023-03-15,1000.0,18.0,Laptop,ABC.com,11,0.05,0.4
37,37,37,2023-07-03,800.0,6.0,Desktop,ABC.com,11,0.07,0.4
38,38,38,2023-04-21,500.0,10.0,Smartphone,ABC.com,10,0.03,0.9
39,39,39,2023-01-06,30.0,20.0,Laptop,ABC.com,12,0.02,0.3
40,40,40,2023-07-23,1000.0,16.0,Smartphone,ABC.com,15,0.05,0.9
41,41,41,2023-02-13,80.0,13.0,Desktop,ABC.com,29,0.01,0.9
42,42,42,2023-08-29,700.0,14.0,Laptop,ABC.com,8,0.09,0.3
43,43,43,2023-02-21,300.0,14.0,Tablet,ABC.com,8,0.07,0.9
44,44,44,2023-02-20,1000.0,12.0,Laptop,ABC.com,11,0.02,0.3
45,45,45,2023-01-20,800.0,16.0,Laptop,ABC.com,12,0.03,0.6
46,46,46,2023-05-10,800.0,18.0,Desktop,ABC.com,20,0.09,0.6
47,47,47,2023-11-25,50.0,15.0,Smartphone,ABC.com,15,0.06,0.9
48,48,48,2023-04-02,10.0,3.0,Desktop,ABC.com,15,0.09,0.7
49,49,49,2023-04-19,80.0,6.0,Desktop,ABC.com,10,0.04,0.2
50,50,50,2023-03-23,10.0,12.0,Desktop,ABC.com,29,0.02,0.5
51,51,51,2023-06-25,50.0,14.0,Desktop,ABC.com,8,0.08,0.3
52,52,52,2023-11-16,40.0,10.0,Desktop,ABC.com,8,0.03,0.4
53,53,53,2023-11-28,10.0,14.0,Desktop,ABC.com,20,0.01,0.7
54,54,54,2023-10-21,800.0,20.0,Smartphone,ABC.com,10,0.06,0.5
55,55,55,2023-03-08,60.0,10.0,Tablet,ABC.com,10,0.02,0.7
56,56,56,2023-11-26,500.0,6.0,Laptop,ABC.com,8,0.02,0.7
57,57,57,2023-07-22,70.0,3.0,Desktop,ABC.com,12,0.02,0.4
58,58,58,2023-09-01,80.0,10.0,Smartphone,ABC.com,15,0.02,0.6
59,59,59,2023-11-28,40.0,15.0,Smartphone,ABC.com,29,0.08,0.7
60,60,60,2023-05-07,100.0,10.0,Tablet,ABC.com,8,0.07,0.4
61,61,61,2023-02-02,500.0,18.0,Laptop,ABC.com,10,0.07,0.6
62,62,62,2023-03-02,100.0,15.0,Desktop,ABC.com,12,0.04,0.9
63,63,63,2023-04-19,80.0,10.0,Desktop,ABC.com,15,0.06,0.5
64,64,64,2023-08-04,600.0,14.0,Laptop,ABC.com,20,0.05,0.4
65,65,65,2023-07-24,200.0,20.0,Tablet,ABC.com,15,0.01,0.2
66,66,66,2023-11-25,70.0,18.0,Laptop,ABC.com,10,0.01,0.5
67,67,67,2023-07-27,600.0,9.0,Tablet,ABC.com,15,0.04,0.7
68,68,68,2023-09-22,70.0,18.0,Desktop,ABC.com,8,0.01,0.7
69,69,69,2023-12-25,100.0,18.0,Desktop,ABC.com,11,0.05,0.6
70,70,70,2023-01-11,70.0,10.0,Laptop,ABC.com,12,0.04,0.6
71,71,71,2023-12-28,400.0,13.0,Desktop,ABC.com,15,0.08,0.5
72,72,72,2023-05-11,90.0,16.0,Smartphone,ABC.com,11,0.05,0.6
73,73,73,2023-12-29,10.0,6.0,Desktop,ABC.com,12,0.09,0.5
74,74,74,2023-04-12,100.0,15.0,Tablet,ABC.com,15,0.01,0.5
75,75,75,2023-09-23,90.0,13.0,Tablet,ABC.com,8,0.08,0.4
76,76,76,2023-02-18,40.0,16.0,Desktop,ABC.com,10,0.05,0.7
77,77,77,2023-11-19,60.0,3.0,Desktop,ABC.com,11,0.05,0.7
78,78,78,2023-11-19,900.0,6.0,Tablet,ABC.com,29,0.01,0.9
79,79,79,2023-05-26,600.0,9.0,Smartphone,ABC.com,8,0.03,0.2
80,80,80,2023-05-24,40.0,20.0,Smartphone,ABC.com,8,0.03,0.3
81,81,81,2023-04-01,30.0,15.0,Tablet,ABC.com,12,0.02,0.5
82,82,82,2023-03-21,20.0,20.0,Tablet,ABC.com,29,0.05,0.9
83,83,83,2023-11-01,60.0,13.0,Smartphone,ABC.com,29,0.08,0.9
84,84,84,2023-06-30,600.0,9.0,Tablet,ABC.com,10,0.08,0.4
85,85,85,2023-08-18,700.0,9.0,Tablet,ABC.com,15,0.01,0.5
86,86,86,2023-08-01,10.0,3.0,Smartphone,ABC.com,20,0.07,0.4
87,87,87,2023-12-05,90.0,15.0,Smartphone,ABC.com,10,0.06,0.2
88,88,88,2023-10-14,10.0,12.0,Laptop,ABC.com,29,0.01,0.4
89,89,89,2023-05-24,30.0,20.0,Laptop,ABC.com,11,0.07,0.4
90,90,90,2023-02-28,60.0,9.0,Smartphone,ABC.com,8,0.05,0.6
91,91,91,2023-09-24,600.0,3.0,Tablet,ABC.com,15,0.03,0.4
92,92,92,2023-12-08,40.0,14.0,Laptop,ABC.com,11,0.05,0.9
93,93,93,2023-04-17,50.0,16.0,Desktop,ABC.com,12,0.05,0.4
94,94,94,2023-03-04,600.0,14.0,Tablet,ABC.com,20,0.07,0.9
95,95,95,2023-05-14,20.0,3.0,Desktop,ABC.com,29,0.05,0.7
96,96,96,2023-03-16,20.0,3.0,Laptop,ABC.com,11,0.03,0.4
97,97,97,2023-11-02,50.0,13.0,Desktop,ABC.com,11,0.09,0.3
98,98,98,2023-08-12,80.0,3.0,Laptop,ABC.com,11,0.07,0.5
99,99,99,2023-04-23,600.0,15.0,Desktop,ABC.com,10,0.01,0.9
100,100,100,2023-11-10,900.0,6.0,Smartphone,ABC.com,8,0.07,0.4
101,101,101,2023-12-10,100.0,10.0,Tablet,ABC.com,29,0.04,0.2
102,102,102,2023-07-28,20.0,18.0,Smartphone,ABC.com,12,0.08,0.9
103,103,103,2023-03-01,700.0,20.0,Tablet,ABC.com,15,0.01,0.9
104,104,104,2023-02-01,400.0,18.0,Smartphone,ABC.com,8,0.04,0.6
105,105,105,2023-06-15,1000.0,6.0,Smartphone,ABC.com,12,0.09,0.6
106,106,106,2023-08-16,100.0,6.0,Desktop,ABC.com,11,0.03,0.5
107,107,107,2023-08-06,90.0,13.0,Desktop,ABC.com,15,0.05,0.2
108,108,108,2023-07-31,70.0,16.0,Smartphone,ABC.com,20,0.06,0.5
109,109,109,2023-05-18,50.0,13.0,Laptop,ABC.com,20,0.09,0.6
110,110,110,2023-04-23,90.0,11.0,Laptop,ABC.com,10,0.06,0.6
111,111,111,2023-10-23,90.0,15.0,Tablet,ABC.com,10,0.09,0.3
112,112,112,2023-11-26,40.0,6.0,Desktop,ABC.com,11,0.06,0.7
113,113,113,2023-04-29,800.0,6.0,Tablet,ABC.com,11,0.08,0.9
114,114,114,2023-04-14,80.0,13.0,Tablet,ABC.com,15,0.08,0.7
115,115,115,2023-11-30,10.0,13.0,Desktop,ABC.com,29,0.04,0.6
116,116,116,2023-04-04,200.0,9.0,Laptop,ABC.com,20,0.05,0.2
117,117,117,2023-04-07,600.0,6.0,Desktop,ABC.com,20,0.01,0.2
118,118,118,2023-06-17,500.0,3.0,Laptop,ABC.com,12,0.06,0.6
119,119,119,2023-09-15,50.0,6.0,Desktop,ABC.com,15,0.05,0.2
120,120,120,2023-12-06,90.0,6.0,Desktop,ABC.com,12,0.08,0.5
121,121,121,2023-10-26,800.0,18.0,Laptop,ABC.com,20,0.01,0.4
122,122,122,2023-07-24,20.0,12.0,Smartphone,ABC.com,12,0.01,0.4
123,123,123,2023-06-06,60.0,16.0,Tablet,ABC.com,29,0.01,0.2
124,124,124,2023-04-01,20.0,14.0,Tablet,ABC.com,20,0.09,0.2
125,125,125,2023-09-03,90.0,12.0,Tablet,ABC.com,12,0.02,0.6
126,126,126,2023-11-26,100.0,11.0,Smartphone,ABC.com,29,0.01,0.6
127,127,127,2023-10-17,70.0,3.0,Smartphone,ABC.com,11,0.07,0.9
128,128,128,2023-11-01,1000.0,6.0,Laptop,ABC.com,15,0.07,0.4
129,129,129,2023-10-13,90.0,20.0,Tablet,ABC.com,29,0.05,0.7
130,130,130,2023-02-01,500.0,20.0,Desktop,ABC.com,15,0.08,0.2
131,131,131,2023-08-15,90.0,15.0,Desktop,ABC.com,8,0.07,0.9
132,132,132,2023-05-26,400.0,14.0,Smartphone,ABC.com,10,0.07,0.7
133,133,133,2023-07-18,60.0,16.0,Laptop,ABC.com,29,0.03,0.6
134,134,134,2023-03-25,700.0,18.0,Desktop,ABC.com,10,0.05,0.2
135,135,135,2023-10-22,700.0,20.0,Desktop,ABC.com,11,0.05,0.9
136,136,136,2023-12-11,400.0,6.0,Desktop,ABC.com,12,0.03,0.3
137,137,137,2023-09-26,500.0,15.0,Laptop,ABC.com,8,0.01,0.9
138,138,138,2023-06-11,30.0,11.0,Tablet,ABC.com,29,0.02,0.6
139,139,139,2023-03-26,800.0,9.0,Desktop,ABC.com,20,0.09,0.5
140,140,140,2023-06-28,1000.0,16.0,Smartphone,ABC.com,11,0.07,0.3
141,141,141,2023-11-19,80.0,3.0,Laptop,ABC.com,8,0.07,0.6
142,142,142,2023-11-06,50.0,20.0,Desktop,ABC.com,20,0.07,0.6
143,143,143,2023-08-12,50.0,16.0,Desktop,ABC.com,8,0.02,0.6
144,144,144,2023-05-30,100.0,3.0,Laptop,ABC.com,12,0.03,0.4
145,145,145,2023-12-11,200.0,16.0,Desktop,ABC.com,8,0.03,0.2
146,146,146,2023-02-21,700.0,11.0,Smartphone,ABC.com,8,0.08,0.3
147,147,147,2023-06-15,800.0,10.0,Desktop,ABC.com,11,0.07,0.4
148,148,148,2023-08-08,40.0,11.0,Laptop,ABC.com,12,0.05,0.2
149,149,149,2023-01-20,80.0,10.0,Tablet,ABC.com,10,0.07,0.9
150,150,150,2023-06-26,60.0,12.0,Desktop,ABC.com,15,0.04,0.5
151,151,151,2023-03-08,300.0,12.0,Smartphone,ABC.com,20,0.03,0.5
152,152,152,2023-04-04,10.0,18.0,Desktop,ABC.com,10,0.09,0.4
153,153,153,2023-08-13,800.0,18.0,Laptop,ABC.com,29,0.08,0.7
154,154,154,2023-07-10,1000.0,16.0,Tablet,ABC.com,29,0.01,0.9
155,155,155,2023-01-25,200.0,20.0,Desktop,ABC.com,8,0.06,0.3
156,156,156,2023-02-13,70.0,6.0,Smartphone,ABC.com,20,0.04,0.4
157,157,157,2023-02-25,30.0,12.0,Desktop,ABC.com,20,0.01,0.2
158,158,158,2023-12-27,100.0,9.0,Tablet,ABC.com,20,0.06,0.5
159,159,159,2023-03-24,100.0,13.0,Desktop,ABC.com,8,0.02,0.9
160,160,160,2023-08-31,400.0,11.0,Tablet,ABC.com,11,0.02,0.7
161,161,161,2023-11-02,50.0,18.0,Desktop,ABC.com,12,0.02,0.9
162,162,162,2023-05-11,200.0,13.0,Desktop,ABC.com,11,0.03,0.5
163,163,163,2023-08-01,400.0,12.0,Desktop,ABC.com,12,0.06,0.2
164,164,164,2023-06-25,500.0,6.0,Laptop,ABC.com,29,0.04,0.5
165,165,165,2023-03-25,20.0,15.0,Desktop,ABC.com,8,0.08,0.9
166,166,166,2023-04-25,80.0,12.0,Smartphone,ABC.com,20,0.08,0.7
167,167,167,2023-12-23,700.0,13.0,Desktop,ABC.com,15,0.05,0.4
168,168,168,2023-11-13,10.0,15.0,Smartphone,ABC.com,29,0.09,0.4
169,169,169,2023-05-13,30.0,16.0,Laptop,ABC.com,12,0.09,0.4
170,170,170,2023-11-13,500.0,10.0,Smartphone,ABC.com,8,0.04,0.5
171,171,171,2023-08-05,300.0,11.0,Laptop,ABC.com,10,0.06,0.4
172,172,172,2023-06-04,700.0,3.0,Smartphone,ABC.com,10,0.04,0.2
173,173,173,2023-01-12,20.0,6.0,Smartphone,ABC.com,20,0.02,0.5
174,174,174,2023-05-30,600.0,3.0,Smartphone,ABC.com,29,0.01,0.7
175,175,175,2023-12-23,800.0,15.0,Laptop,ABC.com,12,0.03,0.2
176,176,176,2023-02-15,40.0,14.0,Desktop,ABC.com,15,0.05,0.4
177,177,177,2023-12-28,700.0,16.0,Desktop,ABC.com,8,0.03,0.6
178,178,178,2023-03-27,70.0,10.0,Desktop,ABC.com,10,0.05,0.6
179,179,179,2023-10-16,300.0,18.0,Tablet,ABC.com,20,0.02,0.9
180,180,180,2023-12-12,70.0,3.0,Tablet,ABC.com,29,0.04,0.2
181,181,181,2023-11-09,400.0,10.0,Tablet,ABC.com,8,0.09,0.7
182,182,182,2023-02-17,10.0,11.0,Tablet,ABC.com,12,0.06,0.2
183,183,183,2023-10-01,100.0,18.0,Tablet,ABC.com,20,0.04,0.2
184,184,184,2023-10-25,300.0,10.0,Laptop,ABC.com,20,0.09,0.7
185,185,185,2023-03-27,80.0,3.0,Tablet,ABC.com,12,0.04,0.9
186,186,186,2023-12-18,90.0,14.0,Laptop,ABC.com,10,0.06,0.9
187,187,187,2023-06-20,100.0,15.0,Laptop,ABC.com,12,0.08,0.5
188,188,188,2023-06-18,400.0,11.0,Smartphone,ABC.com,29,0.02,0.7
189,189,189,2023-11-16,80.0,15.0,Desktop,ABC.com,10,0.01,0.9
190,190,190,2023-08-23,50.0,15.0,Smartphone,ABC.com,12,0.03,0.5
191,191,191,2023-04-05,60.0,13.0,Desktop,ABC.com,10,0.01,0.4
192,192,192,2023-03-10,1000.0,3.0,Smartphone,ABC.com,11,0.07,0.3
193,193,193,2023-12-04,50.0,3.0,Smartphone,ABC.com,10,0.09,0.6
194,194,194,2023-04-09,40.0,3.0,Laptop,ABC.com,29,0.03,0.3
195,195,195,2023-05-13,800.0,16.0,Tablet,ABC.com,12,0.05,0.4
196,196,196,2023-07-17,90.0,14.0,Desktop,ABC.com,15,0.05,0.3
197,197,197,2023-03-05,50.0,15.0,Desktop,ABC.com,10,0.08,0.7
198,198,198,2023-11-05,400.0,10.0,Tablet,ABC.com,20,0.01,0.4
199,199,199,2023-12-11,900.0,16.0,Laptop,ABC.com,8,0.05,0.7
200,200,200,2023-08-29,900.0,11.0,Laptop,ABC.com,20,0.02,0.4
201,201,201,2023-09-23,400.0,9.0,Desktop,ABC.com,8,0.07,0.4
202,202,202,2023-02-12,20.0,10.0,Desktop,ABC.com,29,0.02,0.9
203,203,203,2023-08-24,500.0,18.0,Desktop,ABC.com,29,0.01,0.2
204,204,204,2023-05-31,40.0,10.0,Smartphone,ABC.com,11,0.07,0.9
205,205,205,2023-04-30,700.0,12.0,Laptop,ABC.com,20,0.02,0.7
206,206,206,2023-12-21,300.0,11.0,Laptop,ABC.com,29,0.08,0.5
207,207,207,2023-07-26,800.0,12.0,Laptop,ABC.com,12,0.05,0.7
208,208,208,2023-03-07,500.0,6.0,Desktop,ABC.com,10,0.09,0.2
209,209,209,2023-08-28,200.0,13.0,Desktop,ABC.com,29,0.07,0.3
210,210,210,2023-10-13,400.0,11.0,Laptop,ABC.com,10,0.01,0.7
211,211,211,2023-06-02,40.0,3.0,Tablet,ABC.com,15,0.05,0.2
212,212,212,2023-12-28,60.0,11.0,Tablet,ABC.com,10,0.04,0.7
213,213,213,2023-09-04,80.0,18.0,Desktop,ABC.com,10,0.09,0.6
214,214,214,2023-06-18,100.0,12.0,Smartphone,ABC.com,8,0.09,0.2
215,215,215,2023-11-17,1000.0,9.0,Desktop,ABC.com,15,0.08,0.9
216,216,216,2023-11-14,1000.0,14.0,Tablet,ABC.com,11,0.04,0.4
217,217,217,2023-02-10,20.0,9.0,Tablet,ABC.com,10,0.09,0.7
218,218,218,2023-10-01,200.0,16.0,Laptop,ABC.com,20,0.02,0.4
219,219,219,2023-08-07,10.0,15.0,Smartphone,ABC.com,12,0.01,0.6
220,220,220,2023-07-25,800.0,20.0,Desktop,ABC.com,10,0.03,0.9
221,221,221,2023-05-17,70.0,15.0,Desktop,ABC.com,12,0.02,0.6
222,222,222,2023-09-18,700.0,9.0,Desktop,ABC.com,8,0.09,0.6
223,223,223,2023-07-06,800.0,6.0,Smartphone,ABC.com,12,0.09,0.6
224,224,224,2023-07-29,40.0,16.0,Tablet,ABC.com,8,0.02,0.5
225,225,225,2023-10-20,500.0,14.0,Tablet,ABC.com,12,0.02,0.9
226,226,226,2023-06-06,1000.0,11.0,Tablet,ABC.com,15,0.06,0.3
227,227,227,2023-07-20,200.0,14.0,Desktop,ABC.com,12,0.09,0.5
228,228,228,2023-03-03,800.0,3.0,Desktop,ABC.com,11,0.01,0.4
229,229,229,2023-07-12,600.0,12.0,Laptop,ABC.com,10,0.09,0.7
230,230,230,2023-11-23,800.0,16.0,Tablet,ABC.com,10,0.01,0.2
231,231,231,2023-03-21,700.0,9.0,Smartphone,ABC.com,11,0.09,0.3
232,232,232,2023-06-10,300.0,13.0,Desktop,ABC.com,29,0.04,0.2
233,233,233,2023-03-25,30.0,14.0,Laptop,ABC.com,20,0.02,0.9
234,234,234,2023-08-25,10.0,12.0,Desktop,ABC.com,15,0.07,0.7
235,235,235,2023-11-05,50.0,3.0,Smartphone,ABC.com,20,0.06,0.4
236,236,236,2023-05-25,900.0,15.0,Desktop,ABC.com,15,0.05,0.6
237,237,237,2023-07-18,300.0,14.0,Desktop,ABC.com,20,0.03,0.6
238,238,238,2023-01-31,90.0,6.0,Tablet,ABC.com,10,0.07,0.3
239,239,239,2023-07-03,700.0,13.0,Desktop,ABC.com,8,0.07,0.3
240,240,240,2023-07-27,50.0,11.0,Laptop,ABC.com,15,0.03,0.5
241,241,241,2023-02-02,900.0,9.0,Desktop,ABC.com,8,0.08,0.6
242,242,242,2023-07-25,80.0,10.0,Desktop,ABC.com,12,0.05,0.2
243,243,243,2023-01-28,20.0,14.0,Tablet,ABC.com,10,0.04,0.5
244,244,244,2023-12-07,50.0,12.0,Laptop,ABC.com,15,0.03,0.2
245,245,245,2023-07-28,300.0,18.0,Laptop,ABC.com,12,0.01,0.3
246,246,246,2023-06-06,200.0,11.0,Laptop,ABC.com,10,0.04,0.2
247,247,247,2023-12-04,100.0,6.0,Desktop,ABC.com,10,0.01,0.7
248,248,248,2023-08-01,100.0,18.0,Tablet,ABC.com,11,0.02,0.6
249,249,249,2023-03-17,1000.0,12.0,Tablet,ABC.com,8,0.06,0.9
250,250,250,2023-06-28,400.0,20.0,Laptop,ABC.com,20,0.05,0.3
251,251,251,2023-03-04,20.0,13.0,Smartphone,ABC.com,11,0.09,0.5
252,252,252,2023-07-27,300.0,9.0,Smartphone,ABC.com,11,0.08,0.3
253,253,253,2023-03-22,800.0,3.0,Tablet,ABC.com,29,0.07,0.3
254,254,254,2023-07-09,30.0,20.0,Smartphone,ABC.com,10,0.07,0.2
255,255,255,2023-10-23,10.0,10.0,Laptop,ABC.com,20,0.02,0.3
256,256,256,2023-02-25,900.0,11.0,Smartphone,ABC.com,15,0.08,0.9
257,257,257,2023-09-24,500.0,12.0,Smartphone,ABC.com,12,0.02,0.5
258,258,258,2023-08-07,700.0,9.0,Tablet,ABC.com,10,0.09,0.5
259,259,259,2023-04-24,80.0,12.0,Smartphone,ABC.com,10,0.07,0.9
260,260,260,2023-04-29,20.0,9.0,Desktop,ABC.com,10,0.05,0.5
261,261,261,2023-12-05,100.0,15.0,Desktop,ABC.com,29,0.05,0.7
262,262,262,2023-11-16,100.0,10.0,Smartphone,ABC.com,10,0.05,0.5
263,263,263,2023-04-20,500.0,12.0,Tablet,ABC.com,10,0.06,0.5
264,264,264,2023-09-03,700.0,10.0,Smartphone,ABC.com,10,0.05,0.5
265,265,265,2023-02-14,60.0,3.0,Desktop,ABC.com,20,0.03,0.7
266,266,266,2023-04-20,40.0,9.0,Tablet,ABC.com,12,0.04,0.9
267,267,267,2023-04-20,400.0,3.0,Smartphone,ABC.com,20,0.07,0.7
268,268,268,2023-10-04,40.0,9.0,Desktop,ABC.com,10,0.05,0.6
269,269,269,2023-05-28,200.0,18.0,Desktop,ABC.com,10,0.02,0.6
270,270,270,2023-10-31,400.0,11.0,Smartphone,ABC.com,10,0.09,0.3
271,271,271,2023-06-09,600.0,9.0,Laptop,ABC.com,8,0.01,0.4
272,272,272,2023-10-28,60.0,18.0,Laptop,ABC.com,29,0.04,0.3
273,273,273,2023-11-12,700.0,6.0,Smartphone,ABC.com,11,0.08,0.9
274,274,274,2023-05-18,600.0,14.0,Smartphone,ABC.com,10,0.09,0.5
275,275,275,2023-09-05,300.0,12.0,Tablet,ABC.com,10,0.04,0.6
276,276,276,2023-02-28,70.0,16.0,Smartphone,ABC.com,8,0.01,0.2
277,277,277,2023-12-22,800.0,9.0,Smartphone,ABC.com,12,0.07,0.5
278,278,278,2023-09-02,100.0,9.0,Smartphone,ABC.com,11,0.06,0.3
279,279,279,2023-11-05,1000.0,3.0,Laptop,ABC.com,29,0.08,0.9
280,280,280,2023-07-27,100.0,13.0,Desktop,ABC.com,8,0.01,0.9
281,281,281,2023-01-05,60.0,20.0,Smartphone,ABC.com,8,0.03,0.4
282,282,282,2023-03-28,60.0,11.0,Tablet,ABC.com,8,0.01,0.6
283,283,283,2023-09-22,80.0,13.0,Desktop,ABC.com,29,0.01,0.5
284,284,284,2023-10-22,70.0,14.0,Smartphone,ABC.com,12,0.09,0.7
285,285,285,2023-01-02,200.0,10.0,Tablet,ABC.com,29,0.06,0.6
286,286,286,2023-04-06,80.0,3.0,Desktop,ABC.com,12,0.01,0.5
287,287,287,2023-09-04,100.0,20.0,Laptop,ABC.com,12,0.05,0.2
288,288,288,2023-01-26,300.0,13.0,Tablet,ABC.com,15,0.03,0.9
289,289,289,2023-08-07,500.0,16.0,Tablet,ABC.com,12,0.01,0.5
290,290,290,2023-10-28,50.0,20.0,Laptop,ABC.com,29,0.09,0.5
291,291,291,2023-11-04,700.0,16.0,Tablet,ABC.com,10,0.04,0.5
292,292,292,2023-04-06,500.0,13.0,Tablet,ABC.com,29,0.09,0.2
293,293,293,2023-07-03,50.0,14.0,Laptop,ABC.com,29,0.04,0.9
294,294,294,2023-07-06,90.0,13.0,Laptop,ABC.com,15,0.04,0.4
295,295,295,2023-05-20,1000.0,15.0,Tablet,ABC.com,10,0.01,0.6
296,296,296,2023-06-20,10.0,15.0,Tablet,ABC.com,10,0.03,0.6
297,297,297,2023-06-05,40.0,18.0,Smartphone,ABC.com,8,0.09,0.5
298,298,298,2023-12-21,60.0,11.0,Tablet,ABC.com,15,0.06,0.4
299,299,299,2023-12-05,50.0,15.0,Desktop,ABC.com,15,0.03,0.3
300,300,300,2023-02-17,50.0,20.0,Smartphone,ABC.com,29,0.07,0.3
301,301,301,2023-11-26,100.0,14.0,Laptop,ABC.com,8,0.09,0.4
302,302,302,2023-01-25,50.0,15.0,Desktop,ABC.com,8,0.09,0.2
303,303,303,2023-06-22,40.0,3.0,Smartphone,ABC.com,29,0.08,0.7
304,304,304,2023-03-31,400.0,9.0,Tablet,ABC.com,11,0.06,0.5
305,305,305,2023-04-27,20.0,10.0,Desktop,ABC.com,20,0.03,0.6
306,306,306,2023-05-24,80.0,3.0,Tablet,ABC.com,8,0.04,0.3
307,307,307,2023-05-06,90.0,14.0,Tablet,ABC.com,29,0.03,0.6
308,308,308,2023-03-30,40.0,3.0,Smartphone,ABC.com,29,0.08,0.2
309,309,309,2023-06-07,80.0,18.0,Smartphone,ABC.com,10,0.08,0.3
310,310,310,2023-07-30,800.0,15.0,Laptop,ABC.com,12,0.09,0.2
311,311,311,2023-11-27,10.0,20.0,Laptop,ABC.com,8,0.03,0.5
312,312,312,2023-01-29,100.0,6.0,Desktop,ABC.com,20,0.07,0.6
313,313,313,2023-07-28,900.0,10.0,Tablet,ABC.com,10,0.07,0.7
314,314,314,2023-09-25,10.0,3.0,Smartphone,ABC.com,11,0.04,0.3
315,315,315,2023-02-17,600.0,20.0,Smartphone,ABC.com,11,0.09,0.7
316,316,316,2023-02-24,40.0,13.0,Tablet,ABC.com,8,0.03,0.4
317,317,317,2023-10-17,90.0,13.0,Tablet,ABC.com,11,0.01,0.9
318,318,318,2023-08-30,10.0,20.0,Desktop,ABC.com,29,0.02,0.5
319,319,319,2023-04-18,200.0,18.0,Laptop,ABC.com,11,0.01,0.9
320,320,320,2023-12-18,30.0,15.0,Smartphone,ABC.com,20,0.04,0.9
321,321,321,2023-10-17,200.0,9.0,Smartphone,ABC.com,20,0.07,0.5
322,322,322,2023-01-06,10.0,3.0,Laptop,ABC.com,11,0.06,0.9
323,323,323,2023-05-07,10.0,16.0,Desktop,ABC.com,8,0.09,0.7
324,324,324,2023-12-02,500.0,9.0,Smartphone,ABC.com,10,0.08,0.9
325,325,325,2023-04-07,40.0,14.0,Smartphone,ABC.com,20,0.06,0.9
326,326,326,2023-06-20,800.0,3.0,Tablet,ABC.com,11,0.05,0.7
327,327,327,2023-11-03,600.0,12.0,Tablet,ABC.com,29,0.02,0.5
328,328,328,2023-08-16,900.0,10.0,Smartphone,ABC.com,12,0.09,0.6
329,329,329,2023-03-26,60.0,20.0,Laptop,ABC.com,10,0.08,0.4
330,330,330,2023-05-05,40.0,15.0,Laptop,ABC.com,15,0.05,0.7
331,331,331,2023-05-17,20.0,13.0,Tablet,ABC.com,12,0.03,0.7
332,332,332,2023-10-13,60.0,20.0,Tablet,ABC.com,29,0.05,0.9
333,333,333,2023-10-19,30.0,10.0,Laptop,ABC.com,11,0.02,0.5
334,334,334,2023-07-29,500.0,15.0,Laptop,ABC.com,8,0.01,0.7
335,335,335,2023-11-27,100.0,14.0,Desktop,ABC.com,10,0.08,0.5
336,336,336,2023-11-02,70.0,12.0,Laptop,ABC.com,15,0.06,0.3
337,337,337,2023-08-28,80.0,14.0,Desktop,ABC.com,10,0.03,0.3
338,338,338,2023-05-25,900.0,3.0,Smartphone,ABC.com,10,0.01,0.9
339,339,339,2023-06-11,50.0,6.0,Laptop,ABC.com,11,0.08,0.9
340,340,340,2023-11-26,20.0,13.0,Tablet,ABC.com,20,0.03,0.6
341,341,341,2023-12-21,1000.0,12.0,Smartphone,ABC.com,20,0.04,0.3
342,342,342,2023-03-03,1000.0,15.0,Smartphone,ABC.com,11,0.04,0.3
343,343,343,2023-12-26,800.0,12.0,Smartphone,ABC.com,10,0.05,0.4
344,344,344,2023-06-23,80.0,12.0,Laptop,ABC.com,29,0.03,0.2
345,345,345,2023-03-24,1000.0,9.0,Tablet,ABC.com,8,0.08,0.9
346,346,346,2023-11-23,30.0,14.0,Tablet,ABC.com,29,0.07,0.4
347,347,347,2023-03-01,800.0,11.0,Desktop,ABC.com,12,0.05,0.7
348,348,348,2023-03-03,80.0,18.0,Desktop,ABC.com,11,0.08,0.4
349,349,349,2023-09-22,800.0,3.0,Desktop,ABC.com,10,0.04,0.3
350,350,350,2023-01-24,60.0,13.0,Tablet,ABC.com,20,0.02,0.6
351,351,351,2023-10-12,900.0,3.0,Laptop,ABC.com,20,0.07,0.5
352,352,352,2023-11-25,100.0,13.0,Tablet,ABC.com,10,0.08,0.3
353,353,353,2023-08-22,900.0,3.0,Laptop,ABC.com,10,0.02,0.5
354,354,354,2023-12-11,40.0,13.0,Laptop,ABC.com,11,0.05,0.5
355,355,355,2023-03-28,70.0,15.0,Tablet,ABC.com,8,0.09,0.7
356,356,356,2023-12-04,900.0,12.0,Laptop,ABC.com,29,0.08,0.7
357,357,357,2023-08-30,500.0,6.0,Laptop,ABC.com,29,0.05,0.9
358,358,358,2023-06-16,200.0,9.0,Tablet,ABC.com,15,0.04,0.2
359,359,359,2023-05-15,800.0,18.0,Laptop,ABC.com,15,0.06,0.3
360,360,360,2023-12-13,30.0,14.0,Desktop,ABC.com,15,0.06,0.9
361,361,361,2023-05-09,90.0,18.0,Smartphone,ABC.com,11,0.09,0.3
362,362,362,2023-05-25,500.0,20.0,Tablet,ABC.com,20,0.04,0.6
363,363,363,2023-02-11,300.0,6.0,Tablet,ABC.com,10,0.01,0.7
364,364,364,2023-06-18,700.0,18.0,Smartphone,ABC.com,29,0.03,0.3
365,365,365,2023-03-15,700.0,11.0,Smartphone,ABC.com,15,0.05,0.3
366,366,366,2023-01-26,500.0,14.0,Tablet,ABC.com,12,0.07,0.4
367,367,367,2023-03-29,50.0,3.0,Tablet,ABC.com,15,0.02,0.3
368,368,368,2023-05-21,800.0,18.0,Tablet,ABC.com,15,0.03,0.6
369,369,369,2023-12-01,50.0,18.0,Laptop,ABC.com,15,0.06,0.9
370,370,370,2023-07-29,90.0,15.0,Smartphone,ABC.com,10,0.07,0.4
371,371,371,2023-04-18,800.0,6.0,Smartphone,ABC.com,29,0.01,0.3
372,372,372,2023-06-09,40.0,15.0,Tablet,ABC.com,10,0.03,0.7
373,373,373,2023-05-20,1000.0,15.0,Desktop,ABC.com,10,0.08,0.2
374,374,374,2023-09-26,800.0,10.0,Laptop,ABC.com,15,0.04,0.7
375,375,375,2023-09-20,200.0,10.0,Laptop,ABC.com,20,0.07,0.6
376,376,376,2023-01-16,60.0,13.0,Desktop,ABC.com,20,0.06,0.7
377,377,377,2023-06-13,80.0,14.0,Desktop,ABC.com,8,0.01,0.2
378,378,378,2023-04-12,20.0,15.0,Tablet,ABC.com,10,0.04,0.9
379,379,379,2023-02-13,1000.0,6.0,Tablet,ABC.com,10,0.01,0.3
380,380,380,2023-03-17,1000.0,10.0,Tablet,ABC.com,10,0.08,0.5
381,381,381,2023-06-04,90.0,15.0,Tablet,ABC.com,20,0.01,0.5
382,382,382,2023-09-08,200.0,18.0,Tablet,ABC.com,8,0.02,0.9
383,383,383,2023-08-07,400.0,13.0,Tablet,ABC.com,15,0.05,0.4
384,384,384,2023-07-08,10.0,20.0,Tablet,ABC.com,10,0.07,0.3
385,385,385,2023-01-13,100.0,13.0,Tablet,ABC.com,8,0.02,0.9
386,386,386,2023-09-08,40.0,11.0,Desktop,ABC.com,10,0.07,0.6
387,387,387,2023-09-14,300.0,13.0,Desktop,ABC.com,15,0.09,0.9
388,388,388,2023-07-30,100.0,9.0,Desktop,ABC.com,15,0.05,0.9
389,389,389,2023-12-29,90.0,9.0,Desktop,ABC.com,15,0.09,0.2
390,390,390,2023-06-24,10.0,3.0,Smartphone,ABC.com,10,0.03,0.2
391,391,391,2023-08-04,20.0,18.0,Tablet,ABC.com,8,0.07,0.4
392,392,392,2023-06-19,30.0,9.0,Tablet,ABC.com,8,0.04,0.9
393,393,393,2023-01-27,300.0,12.0,Desktop,ABC.com,20,0.07,0.6
394,394,394,2023-11-16,30.0,13.0,Smartphone,ABC.com,11,0.02,0.3
395,395,395,2023-05-04,40.0,16.0,Tablet,ABC.com,12,0.08,0.3
396,396,396,2023-02-17,200.0,13.0,Laptop,ABC.com,12,0.01,0.9
397,397,397,2023-12-24,40.0,12.0,Smartphone,ABC.com,11,0.07,0.5
398,398,398,2023-12-20,90.0,14.0,Smartphone,ABC.com,11,0.02,0.5
399,399,399,2023-10-19,500.0,10.0,Smartphone,ABC.com,10,0.07,0.5
400,400,400,2023-06-07,40.0,18.0,Laptop,ABC.com,15,0.07,0.2
401,401,401,2023-03-21,900.0,10.0,Smartphone,ABC.com,8,0.08,0.4
402,402,402,2023-09-22,60.0,6.0,Smartphone,ABC.com,20,0.07,0.6
403,403,403,2023-09-30,60.0,12.0,Desktop,ABC.com,11,0.09,0.9
404,404,404,2023-10-11,400.0,14.0,Desktop,ABC.com,15,0.06,0.4
405,405,405,2023-11-28,300.0,11.0,Tablet,ABC.com,11,0.02,0.7
406,406,406,2023-12-29,900.0,6.0,Desktop,ABC.com,11,0.01,0.9
407,407,407,2023-09-06,10.0,14.0,Laptop,ABC.com,10,0.03,0.2
408,408,408,2023-05-06,90.0,11.0,Desktop,ABC.com,12,0.01,0.9
409,409,409,2023-10-13,500.0,9.0,Desktop,ABC.com,11,0.03,0.2
410,410,410,2023-12-15,900.0,16.0,Desktop,ABC.com,20,0.09,0.6
411,411,411,2023-09-21,1000.0,18.0,Smartphone,ABC.com,8,0.09,0.3
412,412,412,2023-07-08,30.0,10.0,Desktop,ABC.com,20,0.04,0.3
413,413,413,2023-04-25,80.0,3.0,Laptop,ABC.com,12,0.09,0.5
414,414,414,2023-04-27,400.0,15.0,Smartphone,ABC.com,15,0.07,0.4
415,415,415,2023-10-27,90.0,16.0,Desktop,ABC.com,29,0.04,0.4
416,416,416,2023-10-08,20.0,3.0,Smartphone,ABC.com,10,0.09,0.4
417,417,417,2023-09-29,30.0,16.0,Smartphone,ABC.com,8,0.06,0.5
418,418,418,2023-07-14,50.0,15.0,Tablet,ABC.com,8,0.09,0.5
419,419,419,2023-05-26,1000.0,20.0,Desktop,ABC.com,29,0.09,0.4
420,420,420,2023-10-24,80.0,9.0,Desktop,ABC.com,15,0.07,0.4
421,421,421,2023-03-18,600.0,20.0,Smartphone,ABC.com,29,0.01,0.6
422,422,422,2023-07-14,100.0,3.0,Tablet,ABC.com,20,0.02,0.3
423,423,423,2023-04-13,700.0,6.0,Smartphone,ABC.com,15,0.01,0.9
424,424,424,2023-06-12,700.0,16.0,Smartphone,ABC.com,15,0.04,0.2
425,425,425,2023-05-03,90.0,18.0,Smartphone,ABC.com,15,0.09,0.5
426,426,426,2023-08-24,400.0,3.0,Laptop,ABC.com,8,0.02,0.4
427,427,427,2023-06-03,90.0,11.0,Smartphone,ABC.com,20,0.02,0.3
428,428,428,2023-04-20,700.0,6.0,Laptop,ABC.com,8,0.02,0.7
429,429,429,2023-05-14,600.0,16.0,Laptop,ABC.com,29,0.04,0.4
430,430,430,2023-07-05,200.0,20.0,Smartphone,ABC.com,8,0.03,0.6
431,431,431,2023-02-19,400.0,10.0,Laptop,ABC.com,10,0.08,0.6
432,432,432,2023-04-03,80.0,11.0,Laptop,ABC.com,8,0.03,0.2
433,433,433,2023-03-21,700.0,18.0,Laptop,ABC.com,8,0.08,0.4
434,434,434,2023-05-27,700.0,14.0,Tablet,ABC.com,20,0.05,0.5
435,435,435,2023-01-31,200.0,14.0,Tablet,ABC.com,11,0.02,0.9
436,436,436,2023-01-25,900.0,3.0,Tablet,ABC.com,8,0.05,0.4
437,437,437,2023-07-31,20.0,13.0,Smartphone,ABC.com,11,0.03,0.2
438,438,438,2023-09-22,1000.0,9.0,Tablet,ABC.com,11,0.09,0.4
439,439,439,2023-02-09,100.0,10.0,Tablet,ABC.com,29,0.05,0.3
440,440,440,2023-01-13,900.0,10.0,Laptop,ABC.com,11,0.01,0.4
441,441,441,2023-04-16,400.0,9.0,Desktop,ABC.com,10,0.07,0.2
442,442,442,2023-06-22,300.0,20.0,Smartphone,ABC.com,8,0.04,0.5
443,443,443,2023-03-14,70.0,13.0,Desktop,ABC.com,15,0.02,0.3
444,444,444,2023-08-19,800.0,6.0,Desktop,ABC.com,15,0.08,0.6
445,445,445,2023-03-31,700.0,9.0,Smartphone,ABC.com,12,0.02,0.6
446,446,446,2023-01-23,900.0,11.0,Tablet,ABC.com,8,0.01,0.9
447,447,447,2023-01-27,80.0,13.0,Laptop,ABC.com,11,0.06,0.3
448,448,448,2023-05-20,60.0,16.0,Laptop,ABC.com,15,0.04,0.6
449,449,449,2023-12-27,40.0,10.0,Tablet,ABC.com,8,0.09,0.7
450,450,450,2023-06-13,900.0,10.0,Smartphone,ABC.com,29,0.09,0.5
451,451,451,2023-12-27,10.0,13.0,Tablet,ABC.com,8,0.01,0.2
452,452,452,2023-02-09,900.0,18.0,Tablet,ABC.com,15,0.01,0.4
453,453,453,2023-04-08,900.0,12.0,Desktop,ABC.com,20,0.05,0.3
454,454,454,2023-08-17,40.0,10.0,Tablet,ABC.com,8,0.03,0.2
455,455,455,2023-08-23,80.0,13.0,Laptop,ABC.com,10,0.04,0.3
456,456,456,2023-08-30,700.0,12.0,Smartphone,ABC.com,8,0.09,0.6
457,457,457,2023-01-01,700.0,12.0,Tablet,ABC.com,29,0.05,0.6
458,458,458,2023-07-02,700.0,12.0,Laptop,ABC.com,15,0.03,0.4
459,459,459,2023-04-09,300.0,9.0,Laptop,ABC.com,29,0.01,0.6
460,460,460,2023-07-19,80.0,20.0,Laptop,ABC.com,20,0.07,0.4
461,461,461,2023-11-11,60.0,9.0,Desktop,ABC.com,8,0.05,0.3
462,462,462,2023-10-02,400.0,11.0,Laptop,ABC.com,10,0.07,0.4
463,463,463,2023-03-18,10.0,12.0,Laptop,ABC.com,11,0.09,0.2
464,464,464,2023-09-29,500.0,9.0,Desktop,ABC.com,11,0.09,0.9
465,465,465,2023-02-04,10.0,16.0,Desktop,ABC.com,10,0.04,0.5
466,466,466,2023-01-30,400.0,3.0,Smartphone,ABC.com,12,0.01,0.3
467,467,467,2023-01-31,40.0,3.0,Smartphone,ABC.com,11,0.02,0.6
468,468,468,2023-10-19,600.0,6.0,Smartphone,ABC.com,10,0.08,0.9
469,469,469,2023-07-24,200.0,3.0,Laptop,ABC.com,11,0.03,0.9
470,470,470,2023-02-15,70.0,18.0,Desktop,ABC.com,8,0.07,0.3
471,471,471,2023-06-29,1000.0,12.0,Tablet,ABC.com,15,0.02,0.4
472,472,472,2023-08-26,600.0,16.0,Smartphone,ABC.com,29,0.09,0.6
473,473,473,2023-09-06,900.0,14.0,Smartphone,ABC.com,8,0.01,0.7
474,474,474,2023-01-30,70.0,16.0,Desktop,ABC.com,11,0.08,0.5
475,475,475,2023-08-20,500.0,9.0,Smartphone,ABC.com,20,0.04,0.4
476,476,476,2023-10-10,700.0,18.0,Tablet,ABC.com,29,0.05,0.7
477,477,477,2023-05-19,100.0,11.0,Tablet,ABC.com,11,0.08,0.3
478,478,478,2023-02-05,800.0,13.0,Desktop,ABC.com,11,0.05,0.4
479,479,479,2023-07-07,600.0,10.0,Tablet,ABC.com,8,0.06,0.9
480,480,480,2023-08-23,100.0,3.0,Laptop,ABC.com,29,0.08,0.4
481,481,481,2023-03-05,300.0,11.0,Desktop,ABC.com,29,0.05,0.9
482,482,482,2023-12-25,700.0,12.0,Smartphone,ABC.com,8,0.04,0.5
483,483,483,2023-04-22,1000.0,12.0,Tablet,ABC.com,15,0.05,0.4
484,484,484,2023-05-10,500.0,6.0,Tablet,ABC.com,11,0.05,0.7
485,485,485,2023-01-30,400.0,3.0,Tablet,ABC.com,11,0.03,0.6
486,486,486,2023-04-01,500.0,18.0,Tablet,ABC.com,12,0.06,0.3
487,487,487,2023-04-21,1000.0,18.0,Desktop,ABC.com,10,0.04,0.2
488,488,488,2023-05-30,70.0,6.0,Smartphone,ABC.com,10,0.02,0.5
489,489,489,2023-12-12,80.0,6.0,Smartphone,ABC.com,12,0.03,0.2
490,490,490,2023-09-27,20.0,18.0,Laptop,ABC.com,8,0.02,0.9
491,491,491,2023-03-03,1000.0,18.0,Tablet,ABC.com,29,0.09,0.7
492,492,492,2023-02-16,600.0,3.0,Smartphone,ABC.com,11,0.07,0.3
493,493,493,2023-11-13,60.0,15.0,Desktop,ABC.com,10,0.01,0.9
494,494,494,2023-05-07,100.0,16.0,Tablet,ABC.com,11,0.03,0.5
495,495,495,2023-09-08,500.0,16.0,Smartphone,ABC.com,15,0.03,0.5
496,496,496,2023-05-07,80.0,3.0,Laptop,ABC.com,20,0.06,0.7
497,497,497,2023-08-03,500.0,14.0,Laptop,ABC.com,11,0.07,0.2
498,498,498,2023-04-09,50.0,9.0,Tablet,ABC.com,29,0.05,0.6
499,499,499,2023-10-15,70.0,14.0,Desktop,ABC.com,29,0.02,0.6
500,500,500,2023-06-29,70.0,13.0,Laptop,ABC.com,15,0.01,0.4
501,501,501,2023-11-14,800.0,12.0,Laptop,ABC.com,11,0.04,0.6
502,502,502,2023-10-16,30.0,15.0,Desktop,ABC.com,11,0.06,0.9
503,503,503,2023-02-03,800.0,12.0,Desktop,ABC.com,10,0.09,0.9
504,504,504,2023-10-01,40.0,6.0,Smartphone,ABC.com,11,0.05,0.4
505,505,505,2023-11-03,30.0,12.0,Desktop,ABC.com,15,0.01,0.6
506,506,506,2023-06-06,80.0,10.0,Laptop,ABC.com,10,0.04,0.2
507,507,507,2023-07-09,70.0,10.0,Tablet,ABC.com,15,0.03,0.7
508,508,508,2023-11-08,70.0,11.0,Smartphone,ABC.com,15,0.06,0.4
509,509,509,2023-12-11,300.0,11.0,Tablet,ABC.com,10,0.04,0.2
510,510,510,2023-10-09,50.0,3.0,Desktop,ABC.com,20,0.02,0.5
511,511,511,2023-05-10,700.0,14.0,Tablet,ABC.com,29,0.01,0.4
512,512,512,2023-09-14,70.0,20.0,Smartphone,ABC.com,20,0.06,0.7
513,513,513,2023-06-12,700.0,13.0,Tablet,ABC.com,12,0.04,0.9
514,514,514,2023-06-19,60.0,14.0,Desktop,ABC.com,15,0.01,0.9
515,515,515,2023-03-10,800.0,15.0,Desktop,ABC.com,11,0.06,0.9
516,516,516,2023-08-10,70.0,18.0,Smartphone,ABC.com,11,0.09,0.2
517,517,517,2023-09-10,300.0,11.0,Tablet,ABC.com,20,0.09,0.2
518,518,518,2023-06-25,80.0,3.0,Tablet,ABC.com,20,0.07,0.7
519,519,519,2023-05-02,700.0,13.0,Smartphone,ABC.com,8,0.02,0.6
520,520,520,2023-10-22,200.0,15.0,Laptop,ABC.com,15,0.01,0.6
521,521,521,2023-09-23,200.0,9.0,Smartphone,ABC.com,15,0.05,0.6
522,522,522,2023-10-18,400.0,12.0,Laptop,ABC.com,15,0.08,0.2
523,523,523,2023-06-22,500.0,10.0,Desktop,ABC.com,11,0.01,0.7
524,524,524,2023-03-23,90.0,10.0,Desktop,ABC.com,11,0.03,0.2
525,525,525,2023-04-27,200.0,20.0,Desktop,ABC.com,15,0.04,0.4
526,526,526,2023-12-13,400.0,6.0,Tablet,ABC.com,10,0.03,0.9
527,527,527,2023-01-20,600.0,3.0,Desktop,ABC.com,10,0.08,0.3
528,528,528,2023-06-07,30.0,9.0,Smartphone,ABC.com,10,0.02,0.3
529,529,529,2023-01-11,900.0,12.0,Laptop,ABC.com,11,0.04,0.5
530,530,530,2023-10-30,40.0,6.0,Smartphone,ABC.com,12,0.09,0.5
531,531,531,2023-05-14,1000.0,13.0,Smartphone,ABC.com,15,0.02,0.3
532,532,532,2023-09-11,70.0,10.0,Desktop,ABC.com,11,0.06,0.4
533,533,533,2023-01-05,90.0,12.0,Smartphone,ABC.com,10,0.04,0.4
534,534,534,2023-06-05,800.0,6.0,Desktop,ABC.com,29,0.02,0.2
535,535,535,2023-10-30,50.0,14.0,Tablet,ABC.com,15,0.08,0.2
536,536,536,2023-03-10,40.0,18.0,Desktop,ABC.com,10,0.03,0.6
537,537,537,2023-06-20,500.0,10.0,Desktop,ABC.com,15,0.04,0.7
538,538,538,2023-04-20,900.0,6.0,Tablet,ABC.com,15,0.07,0.3
539,539,539,2023-10-17,500.0,6.0,Desktop,ABC.com,10,0.04,0.6
540,540,540,2023-11-03,60.0,16.0,Tablet,ABC.com,15,0.07,0.4
541,541,541,2023-06-17,40.0,15.0,Smartphone,ABC.com,10,0.03,0.5
542,542,542,2023-10-18,600.0,10.0,Smartphone,ABC.com,11,0.03,0.4
543,543,543,2023-04-24,50.0,15.0,Desktop,ABC.com,10,0.08,0.7
544,544,544,2023-11-06,60.0,20.0,Tablet,ABC.com,20,0.09,0.5
545,545,545,2023-11-22,60.0,20.0,Tablet,ABC.com,29,0.08,0.9
546,546,546,2023-11-11,60.0,3.0,Laptop,ABC.com,8,0.03,0.4
547,547,547,2023-05-18,90.0,9.0,Laptop,ABC.com,29,0.04,0.6
548,548,548,2023-08-18,80.0,14.0,Tablet,ABC.com,11,0.02,0.5
549,549,549,2023-08-02,100.0,12.0,Tablet,ABC.com,20,0.05,0.4
550,550,550,2023-02-10,300.0,14.0,Desktop,ABC.com,11,0.06,0.4
551,551,551,2023-05-26,40.0,15.0,Tablet,ABC.com,20,0.09,0.3
552,552,552,2023-06-16,800.0,18.0,Smartphone,ABC.com,29,0.08,0.2
553,553,553,2023-06-10,800.0,13.0,Desktop,ABC.com,12,0.05,0.2
554,554,554,2023-08-14,30.0,12.0,Desktop,ABC.com,10,0.08,0.4
555,555,555,2023-02-12,200.0,13.0,Smartphone,ABC.com,11,0.04,0.6
556,556,556,2023-07-03,20.0,18.0,Smartphone,ABC.com,20,0.04,0.2
557,557,557,2023-05-30,90.0,6.0,Smartphone,ABC.com,20,0.02,0.7
558,558,558,2023-06-20,500.0,15.0,Tablet,ABC.com,29,0.02,0.5
559,559,559,2023-05-05,90.0,15.0,Tablet,ABC.com,10,0.08,0.9
560,560,560,2023-02-20,50.0,9.0,Smartphone,ABC.com,29,0.08,0.7
561,561,561,2023-05-04,50.0,18.0,Desktop,ABC.com,8,0.02,0.7
562,562,562,2023-01-01,400.0,12.0,Laptop,ABC.com,12,0.01,0.6
563,563,563,2023-07-13,90.0,13.0,Desktop,ABC.com,11,0.05,0.3
564,564,564,2023-10-08,600.0,3.0,Laptop,ABC.com,12,0.08,0.5
565,565,565,2023-01-02,600.0,9.0,Tablet,ABC.com,8,0.05,0.9
566,566,566,2023-06-01,30.0,10.0,Smartphone,ABC.com,11,0.09,0.3
567,567,567,2023-06-18,90.0,18.0,Desktop,ABC.com,12,0.09,0.5
568,568,568,2023-09-24,60.0,3.0,Smartphone,ABC.com,10,0.07,0.7
569,569,569,2023-03-23,80.0,6.0,Smartphone,ABC.com,12,0.04,0.9
570,570,570,2023-10-14,90.0,18.0,Desktop,ABC.com,15,0.09,0.6
571,571,571,2023-08-18,30.0,18.0,Tablet,ABC.com,15,0.08,0.6
572,572,572,2023-06-18,900.0,15.0,Desktop,ABC.com,29,0.06,0.6
573,573,573,2023-07-14,900.0,16.0,Smartphone,ABC.com,29,0.02,0.6
574,574,574,2023-05-06,200.0,13.0,Desktop,ABC.com,29,0.05,0.9
575,575,575,2023-03-28,80.0,13.0,Desktop,ABC.com,11,0.05,0.3
576,576,576,2023-11-27,90.0,16.0,Tablet,ABC.com,15,0.08,0.6
577,577,577,2023-06-26,90.0,14.0,Laptop,ABC.com,15,0.07,0.5
578,578,578,2023-09-09,20.0,3.0,Laptop,ABC.com,12,0.04,0.9
579,579,579,2023-06-02,50.0,12.0,Laptop,ABC.com,29,0.04,0.7
580,580,580,2023-07-02,100.0,13.0,Laptop,ABC.com,29,0.06,0.3
581,581,581,2023-06-11,900.0,9.0,Laptop,ABC.com,11,0.05,0.7
582,582,582,2023-12-26,20.0,16.0,Laptop,ABC.com,10,0.09,0.7
583,583,583,2023-09-13,800.0,12.0,Tablet,ABC.com,12,0.01,0.5
584,584,584,2023-12-09,500.0,18.0,Desktop,ABC.com,11,0.05,0.5
585,585,585,2023-06-27,30.0,18.0,Smartphone,ABC.com,8,0.05,0.7
586,586,586,2023-03-24,1000.0,11.0,Smartphone,ABC.com,20,0.05,0.6
587,587,587,2023-03-09,70.0,9.0,Laptop,ABC.com,8,0.02,0.6
588,588,588,2023-03-19,30.0,6.0,Tablet,ABC.com,12,0.09,0.5
589,589,589,2023-02-07,90.0,20.0,Laptop,ABC.com,15,0.06,0.2
590,590,590,2023-02-12,70.0,13.0,Desktop,ABC.com,20,0.09,0.5
591,591,591,2023-10-18,100.0,13.0,Desktop,ABC.com,10,0.08,0.7
592,592,592,2023-10-08,40.0,18.0,Desktop,ABC.com,8,0.02,0.3
593,593,593,2023-12-03,40.0,10.0,Desktop,ABC.com,15,0.06,0.4
594,594,594,2023-04-27,80.0,15.0,Laptop,ABC.com,15,0.02,0.3
595,595,595,2023-01-12,60.0,13.0,Desktop,ABC.com,8,0.03,0.5
596,596,596,2023-11-01,900.0,12.0,Laptop,ABC.com,15,0.05,0.3
597,597,597,2023-11-11,40.0,12.0,Laptop,ABC.com,8,0.07,0.4
598,598,598,2023-07-07,90.0,16.0,Smartphone,ABC.com,11,0.05,0.9
599,599,599,2023-04-02,20.0,10.0,Tablet,ABC.com,10,0.09,0.2
600,600,600,2023-10-24,10.0,16.0,Smartphone,ABC.com,12,0.02,0.5
601,601,601,2023-05-16,800.0,16.0,Laptop,ABC.com,15,0.06,0.5
602,602,602,2023-03-31,300.0,18.0,Tablet,ABC.com,15,0.05,0.4
603,603,603,2023-03-26,200.0,20.0,Tablet,ABC.com,10,0.09,0.4
604,604,604,2023-11-25,1000.0,20.0,Desktop,ABC.com,15,0.03,0.4
605,605,605,2023-03-25,500.0,6.0,Smartphone,ABC.com,8,0.01,0.5
606,606,606,2023-07-16,800.0,20.0,Laptop,ABC.com,10,0.01,0.6
607,607,607,2023-06-26,800.0,10.0,Smartphone,ABC.com,15,0.07,0.9
608,608,608,2023-04-15,700.0,20.0,Smartphone,ABC.com,11,0.01,0.3
609,609,609,2023-11-28,60.0,14.0,Desktop,ABC.com,15,0.06,0.6
610,610,610,2023-02-03,20.0,3.0,Desktop,ABC.com,29,0.09,0.3
611,611,611,2023-12-21,400.0,10.0,Desktop,ABC.com,12,0.07,0.6
612,612,612,2023-09-17,800.0,12.0,Desktop,ABC.com,20,0.02,0.6
613,613,613,2023-08-17,100.0,11.0,Laptop,ABC.com,20,0.04,0.5
614,614,614,2023-06-25,20.0,11.0,Smartphone,ABC.com,11,0.02,0.2
615,615,615,2023-12-21,40.0,20.0,Laptop,ABC.com,29,0.08,0.4
616,616,616,2023-09-24,600.0,10.0,Laptop,ABC.com,15,0.04,0.3
617,617,617,2023-06-11,500.0,15.0,Smartphone,ABC.com,12,0.03,0.4
618,618,618,2023-07-19,90.0,18.0,Tablet,ABC.com,12,0.09,0.5
619,619,619,2023-01-01,20.0,11.0,Smartphone,ABC.com,20,0.08,0.3
620,620,620,2023-06-30,600.0,13.0,Tablet,ABC.com,10,0.05,0.7
621,621,621,2023-11-03,40.0,16.0,Smartphone,ABC.com,10,0.04,0.3
622,622,622,2023-10-31,30.0,6.0,Tablet,ABC.com,29,0.08,0.9
623,623,623,2023-11-04,100.0,18.0,Smartphone,ABC.com,29,0.03,0.3
624,624,624,2023-02-03,30.0,14.0,Desktop,ABC.com,8,0.01,0.5
625,625,625,2023-08-09,100.0,11.0,Desktop,ABC.com,11,0.03,0.6
626,626,626,2023-11-13,500.0,13.0,Tablet,ABC.com,20,0.08,0.6
627,627,627,2023-08-25,800.0,16.0,Tablet,ABC.com,8,0.03,0.7
628,628,628,2023-09-02,600.0,14.0,Laptop,ABC.com,11,0.08,0.7
629,629,629,2023-04-05,200.0,18.0,Desktop,ABC.com,29,0.09,0.2
630,630,630,2023-05-24,10.0,18.0,Smartphone,ABC.com,12,0.05,0.6
631,631,631,2023-01-27,80.0,12.0,Laptop,ABC.com,8,0.09,0.2
632,632,632,2023-11-10,90.0,9.0,Tablet,ABC.com,10,0.09,0.5
633,633,633,2023-03-19,800.0,13.0,Smartphone,ABC.com,11,0.05,0.2
634,634,634,2023-06-22,900.0,9.0,Smartphone,ABC.com,10,0.09,0.5
635,635,635,2023-02-20,80.0,9.0,Tablet,ABC.com,20,0.08,0.2
636,636,636,2023-05-19,900.0,9.0,Laptop,ABC.com,11,0.03,0.6
637,637,637,2023-08-25,700.0,18.0,Laptop,ABC.com,20,0.05,0.3
638,638,638,2023-11-18,600.0,13.0,Smartphone,ABC.com,11,0.06,0.6
639,639,639,2023-09-26,400.0,10.0,Desktop,ABC.com,8,0.06,0.2
640,640,640,2023-08-19,40.0,16.0,Tablet,ABC.com,10,0.07,0.4
641,641,641,2023-05-10,30.0,10.0,Tablet,ABC.com,10,0.03,0.9
642,642,642,2023-08-14,800.0,10.0,Laptop,ABC.com,29,0.07,0.4
643,643,643,2023-09-03,300.0,11.0,Tablet,ABC.com,20,0.08,0.7
644,644,644,2023-03-13,20.0,14.0,Desktop,ABC.com,20,0.04,0.9
645,645,645,2023-05-11,600.0,13.0,Smartphone,ABC.com,10,0.07,0.5
646,646,646,2023-01-30,20.0,18.0,Tablet,ABC.com,8,0.07,0.4
647,647,647,2023-11-06,900.0,6.0,Laptop,ABC.com,8,0.02,0.7
648,648,648,2023-10-09,800.0,6.0,Smartphone,ABC.com,11,0.04,0.7
649,649,649,2023-07-18,100.0,10.0,Laptop,ABC.com,11,0.06,0.5
650,650,650,2023-11-29,80.0,11.0,Smartphone,ABC.com,15,0.01,0.6
651,651,651,2023-03-06,600.0,11.0,Smartphone,ABC.com,11,0.09,0.4
652,652,652,2023-01-17,400.0,6.0,Tablet,ABC.com,15,0.03,0.3
653,653,653,2023-04-18,90.0,9.0,Laptop,ABC.com,8,0.06,0.4
654,654,654,2023-07-16,90.0,12.0,Laptop,ABC.com,20,0.01,0.7
655,655,655,2023-03-03,80.0,14.0,Laptop,ABC.com,15,0.04,0.7
656,656,656,2023-12-06,800.0,9.0,Tablet,ABC.com,20,0.04,0.5
657,657,657,2023-06-14,20.0,16.0,Tablet,ABC.com,10,0.08,0.6
658,658,658,2023-06-29,40.0,6.0,Tablet,ABC.com,12,0.08,0.5
659,659,659,2023-03-19,40.0,3.0,Tablet,ABC.com,11,0.09,0.2
660,660,660,2023-06-19,800.0,12.0,Laptop,ABC.com,8,0.07,0.3
661,661,661,2023-11-04,900.0,6.0,Tablet,ABC.com,15,0.01,0.3
662,662,662,2023-03-14,700.0,9.0,Laptop,ABC.com,12,0.01,0.5
663,663,663,2023-04-12,700.0,14.0,Tablet,ABC.com,20,0.01,0.7
664,664,664,2023-05-05,200.0,14.0,Tablet,ABC.com,12,0.02,0.5
665,665,665,2023-11-18,20.0,12.0,Smartphone,ABC.com,12,0.03,0.3
666,666,666,2023-09-02,600.0,3.0,Desktop,ABC.com,11,0.07,0.2
667,667,667,2023-04-23,20.0,9.0,Tablet,ABC.com,8,0.09,0.2
668,668,668,2023-02-18,900.0,15.0,Desktop,ABC.com,10,0.02,0.7
669,669,669,2023-12-28,300.0,11.0,Smartphone,ABC.com,10,0.02,0.4
670,670,670,2023-08-20,60.0,6.0,Smartphone,ABC.com,10,0.03,0.7
671,671,671,2023-03-06,400.0,16.0,Desktop,ABC.com,11,0.01,0.6
672,672,672,2023-07-06,60.0,14.0,Desktop,ABC.com,15,0.05,0.7
673,673,673,2023-09-14,400.0,9.0,Smartphone,ABC.com,29,0.06,0.2
674,674,674,2023-07-18,200.0,11.0,Desktop,ABC.com,12,0.02,0.9
675,675,675,2023-08-17,300.0,11.0,Laptop,ABC.com,11,0.05,0.6
676,676,676,2023-09-06,800.0,20.0,Tablet,ABC.com,8,0.06,0.2
677,677,677,2023-04-14,50.0,6.0,Desktop,ABC.com,15,0.05,0.5
678,678,678,2023-06-14,30.0,10.0,Tablet,ABC.com,12,0.07,0.7
679,679,679,2023-10-18,1000.0,3.0,Tablet,ABC.com,29,0.02,0.4
680,680,680,2023-06-17,80.0,11.0,Laptop,ABC.com,10,0.02,0.9
681,681,681,2023-11-19,80.0,20.0,Desktop,ABC.com,20,0.07,0.9
682,682,682,2023-02-20,900.0,6.0,Desktop,ABC.com,10,0.09,0.4
683,683,683,2023-04-14,500.0,3.0,Tablet,ABC.com,20,0.04,0.5
684,684,684,2023-08-27,700.0,14.0,Laptop,ABC.com,10,0.01,0.7
685,685,685,2023-01-24,100.0,18.0,Desktop,ABC.com,11,0.02,0.2
686,686,686,2023-04-10,400.0,6.0,Laptop,ABC.com,10,0.08,0.9
687,687,687,2023-12-05,1000.0,15.0,Smartphone,ABC.com,10,0.08,0.4
688,688,688,2023-11-14,60.0,3.0,Laptop,ABC.com,15,0.04,0.7
689,689,689,2023-12-20,40.0,11.0,Laptop,ABC.com,29,0.02,0.6
690,690,690,2023-05-22,30.0,11.0,Smartphone,ABC.com,8,0.05,0.6
691,691,691,2023-04-11,100.0,20.0,Laptop,ABC.com,10,0.09,0.5
692,692,692,2023-11-06,70.0,13.0,Tablet,ABC.com,20,0.05,0.4
693,693,693,2023-03-30,700.0,10.0,Desktop,ABC.com,12,0.03,0.6
694,694,694,2023-05-14,30.0,14.0,Smartphone,ABC.com,8,0.07,0.5
695,695,695,2023-04-29,300.0,9.0,Tablet,ABC.com,15,0.08,0.7
696,696,696,2023-10-06,700.0,15.0,Laptop,ABC.com,15,0.08,0.3
697,697,697,2023-10-03,700.0,13.0,Desktop,ABC.com,29,0.06,0.6
698,698,698,2023-03-30,500.0,9.0,Laptop,ABC.com,20,0.02,0.6
699,699,699,2023-12-07,20.0,18.0,Desktop,ABC.com,15,0.07,0.6
700,700,700,2023-02-10,800.0,11.0,Tablet,ABC.com,11,0.04,0.4
701,701,701,2023-03-29,20.0,13.0,Tablet,ABC.com,29,0.08,0.3
702,702,702,2023-12-21,900.0,16.0,Tablet,ABC.com,20,0.01,0.4
703,703,703,2023-07-26,30.0,10.0,Laptop,ABC.com,29,0.08,0.2
704,704,704,2023-12-02,90.0,10.0,Laptop,ABC.com,10,0.04,0.4
705,705,705,2023-01-01,40.0,11.0,Desktop,ABC.com,20,0.02,0.2
706,706,706,2023-01-02,20.0,20.0,Desktop,ABC.com,11,0.06,0.3
707,707,707,2023-11-06,100.0,12.0,Smartphone,ABC.com,20,0.01,0.3
708,708,708,2023-11-02,20.0,10.0,Smartphone,ABC.com,15,0.03,0.4
709,709,709,2023-09-30,40.0,3.0,Desktop,ABC.com,12,0.02,0.2
710,710,710,2023-03-25,100.0,11.0,Desktop,ABC.com,15,0.02,0.9
711,711,711,2023-07-13,100.0,9.0,Tablet,ABC.com,11,0.04,0.9
712,712,712,2023-02-15,500.0,15.0,Desktop,ABC.com,8,0.01,0.4
713,713,713,2023-02-18,10.0,20.0,Smartphone,ABC.com,12,0.03,0.6
714,714,714,2023-06-18,800.0,12.0,Smartphone,ABC.com,29,0.07,0.9
715,715,715,2023-03-04,900.0,9.0,Laptop,ABC.com,10,0.04,0.5
716,716,716,2023-06-26,400.0,15.0,Tablet,ABC.com,29,0.07,0.9
717,717,717,2023-10-17,900.0,12.0,Smartphone,ABC.com,11,0.09,0.4
718,718,718,2023-02-04,50.0,10.0,Smartphone,ABC.com,8,0.09,0.9
719,719,719,2023-12-08,60.0,6.0,Desktop,ABC.com,10,0.06,0.5
720,720,720,2023-07-08,500.0,10.0,Laptop,ABC.com,15,0.03,0.9
721,721,721,2023-09-24,600.0,12.0,Smartphone,ABC.com,8,0.09,0.5
722,722,722,2023-12-04,600.0,15.0,Laptop,ABC.com,15,0.08,0.4
723,723,723,2023-06-11,50.0,15.0,Tablet,ABC.com,15,0.09,0.9
724,724,724,2023-11-05,100.0,20.0,Laptop,ABC.com,11,0.08,0.3
725,725,725,2023-09-26,1000.0,6.0,Smartphone,ABC.com,15,0.08,0.4
726,726,726,2023-11-02,10.0,15.0,Smartphone,ABC.com,12,0.01,0.2
727,727,727,2023-08-26,70.0,16.0,Laptop,ABC.com,15,0.01,0.3
728,728,728,2023-10-15,200.0,14.0,Smartphone,ABC.com,20,0.07,0.9
729,729,729,2023-05-02,1000.0,15.0,Desktop,ABC.com,10,0.09,0.2
730,730,730,2023-04-06,30.0,6.0,Tablet,ABC.com,20,0.02,0.2
731,731,731,2023-03-08,80.0,10.0,Smartphone,ABC.com,8,0.06,0.3
732,732,732,2023-11-07,100.0,12.0,Laptop,ABC.com,8,0.01,0.9
733,733,733,2023-07-16,400.0,9.0,Desktop,ABC.com,29,0.04,0.5
734,734,734,2023-08-08,70.0,11.0,Desktop,ABC.com,11,0.09,0.7
735,735,735,2023-02-28,70.0,12.0,Desktop,ABC.com,29,0.04,0.6
736,736,736,2023-07-29,700.0,14.0,Tablet,ABC.com,11,0.02,0.4
737,737,737,2023-05-10,500.0,16.0,Desktop,ABC.com,11,0.04,0.6
738,738,738,2023-01-30,900.0,20.0,Tablet,ABC.com,15,0.08,0.2
739,739,739,2023-06-08,90.0,3.0,Smartphone,ABC.com,10,0.04,0.4
740,740,740,2023-12-06,500.0,14.0,Desktop,ABC.com,15,0.09,0.3
741,741,741,2023-10-11,20.0,20.0,Laptop,ABC.com,20,0.05,0.7
742,742,742,2023-09-14,80.0,20.0,Desktop,ABC.com,12,0.07,0.3
743,743,743,2023-12-18,100.0,3.0,Desktop,ABC.com,29,0.08,0.3
744,744,744,2023-01-28,40.0,12.0,Tablet,ABC.com,8,0.05,0.2
745,745,745,2023-07-26,900.0,11.0,Tablet,ABC.com,15,0.07,0.3
746,746,746,2023-04-20,500.0,12.0,Desktop,ABC.com,12,0.07,0.2
747,747,747,2023-12-07,1000.0,11.0,Laptop,ABC.com,15,0.04,0.6
748,748,748,2023-05-07,40.0,3.0,Desktop,ABC.com,29,0.05,0.9
749,749,749,2023-01-25,10.0,18.0,Desktop,ABC.com,11,0.05,0.9
750,750,750,2023-03-18,200.0,13.0,Laptop,ABC.com,10,0.04,0.6
751,751,751,2023-03-14,30.0,16.0,Tablet,ABC.com,15,0.08,0.4
752,752,752,2023-07-18,50.0,15.0,Smartphone,ABC.com,8,0.05,0.2
753,753,753,2023-04-19,10.0,13.0,Smartphone,ABC.com,15,0.06,0.9
754,754,754,2023-06-28,90.0,16.0,Desktop,ABC.com,20,0.01,0.4
755,755,755,2023-03-28,700.0,10.0,Desktop,ABC.com,20,0.05,0.6
756,756,756,2023-01-13,80.0,15.0,Tablet,ABC.com,12,0.08,0.4
757,757,757,2023-02-20,900.0,13.0,Laptop,ABC.com,12,0.06,0.3
758,758,758,2023-06-02,700.0,18.0,Desktop,ABC.com,29,0.01,0.5
759,759,759,2023-07-11,700.0,9.0,Desktop,ABC.com,15,0.09,0.3
760,760,760,2023-06-04,20.0,20.0,Tablet,ABC.com,15,0.07,0.7
761,761,761,2023-10-08,60.0,18.0,Tablet,ABC.com,20,0.05,0.4
762,762,762,2023-01-03,300.0,16.0,Smartphone,ABC.com,12,0.02,0.6
763,763,763,2023-03-26,1000.0,3.0,Tablet,ABC.com,8,0.09,0.4
764,764,764,2023-09-10,600.0,14.0,Smartphone,ABC.com,29,0.02,0.6
765,765,765,2023-10-10,80.0,12.0,Tablet,ABC.com,20,0.06,0.4
766,766,766,2023-01-09,800.0,10.0,Desktop,ABC.com,29,0.02,0.9
767,767,767,2023-01-22,800.0,16.0,Laptop,ABC.com,12,0.01,0.7
768,768,768,2023-04-27,60.0,16.0,Laptop,ABC.com,12,0.08,0.9
769,769,769,2023-11-19,30.0,20.0,Smartphone,ABC.com,29,0.05,0.4
770,770,770,2023-09-24,100.0,20.0,Desktop,ABC.com,8,0.05,0.2
771,771,771,2023-06-24,1000.0,10.0,Laptop,ABC.com,8,0.04,0.5
772,772,772,2023-06-19,30.0,3.0,Tablet,ABC.com,15,0.04,0.9
773,773,773,2023-10-16,800.0,12.0,Desktop,ABC.com,11,0.07,0.4
774,774,774,2023-11-30,80.0,3.0,Desktop,ABC.com,12,0.06,0.7
775,775,775,2023-02-02,80.0,10.0,Laptop,ABC.com,11,0.05,0.4
776,776,776,2023-04-07,500.0,9.0,Laptop,ABC.com,11,0.08,0.6
777,777,777,2023-02-20,20.0,12.0,Smartphone,ABC.com,29,0.04,0.6
778,778,778,2023-07-08,200.0,11.0,Smartphone,ABC.com,12,0.05,0.4
779,779,779,2023-12-16,700.0,14.0,Tablet,ABC.com,29,0.01,0.7
780,780,780,2023-01-13,100.0,3.0,Tablet,ABC.com,10,0.05,0.5
781,781,781,2023-05-21,40.0,18.0,Desktop,ABC.com,12,0.01,0.6
782,782,782,2023-04-03,30.0,11.0,Tablet,ABC.com,20,0.03,0.9
783,783,783,2023-10-13,70.0,16.0,Laptop,ABC.com,10,0.09,0.5
784,784,784,2023-08-15,20.0,9.0,Smartphone,ABC.com,10,0.08,0.4
785,785,785,2023-07-23,10.0,16.0,Desktop,ABC.com,10,0.04,0.9
786,786,786,2023-01-17,50.0,11.0,Tablet,ABC.com,20,0.06,0.2
787,787,787,2023-01-28,1000.0,13.0,Smartphone,ABC.com,10,0.05,0.2
788,788,788,2023-07-07,50.0,3.0,Desktop,ABC.com,8,0.06,0.3
789,789,789,2023-12-21,10.0,3.0,Laptop,ABC.com,15,0.03,0.3
790,790,790,2023-09-29,10.0,10.0,Laptop,ABC.com,12,0.04,0.9
791,791,791,2023-03-27,10.0,14.0,Smartphone,ABC.com,11,0.07,0.7
792,792,792,2023-06-19,300.0,10.0,Laptop,ABC.com,8,0.07,0.7
793,793,793,2023-06-10,600.0,15.0,Smartphone,ABC.com,8,0.02,0.7
794,794,794,2023-12-17,60.0,10.0,Laptop,ABC.com,20,0.07,0.2
795,795,795,2023-06-03,300.0,12.0,Laptop,ABC.com,11,0.04,0.4
796,796,796,2023-03-07,1000.0,18.0,Tablet,ABC.com,20,0.04,0.7
797,797,797,2023-11-12,80.0,18.0,Desktop,ABC.com,20,0.07,0.5
798,798,798,2023-12-22,900.0,10.0,Desktop,ABC.com,15,0.05,0.9
799,799,799,2023-08-01,700.0,3.0,Laptop,ABC.com,15,0.03,0.7
800,800,800,2023-03-01,50.0,12.0,Tablet,ABC.com,11,0.03,0.6
801,801,801,2023-07-03,600.0,18.0,Tablet,ABC.com,11,0.01,0.7
802,802,802,2023-10-04,400.0,12.0,Desktop,ABC.com,20,0.04,0.2
803,803,803,2023-10-10,20.0,15.0,Smartphone,ABC.com,8,0.03,0.5
804,804,804,2023-08-29,50.0,16.0,Laptop,ABC.com,12,0.01,0.7
805,805,805,2023-11-04,700.0,20.0,Tablet,ABC.com,15,0.07,0.7
806,806,806,2023-10-29,90.0,14.0,Smartphone,ABC.com,15,0.06,0.6
807,807,807,2023-11-08,900.0,12.0,Desktop,ABC.com,8,0.09,0.6
808,808,808,2023-09-28,600.0,14.0,Tablet,ABC.com,29,0.03,0.3
809,809,809,2023-02-15,60.0,18.0,Tablet,ABC.com,29,0.06,0.2
810,810,810,2023-11-21,70.0,14.0,Smartphone,ABC.com,8,0.09,0.2
811,811,811,2023-02-12,600.0,3.0,Tablet,ABC.com,10,0.02,0.2
812,812,812,2023-06-15,90.0,9.0,Tablet,ABC.com,15,0.01,0.6
813,813,813,2023-02-17,800.0,9.0,Smartphone,ABC.com,11,0.03,0.4
814,814,814,2023-10-22,30.0,10.0,Tablet,ABC.com,29,0.02,0.3
815,815,815,2023-11-08,300.0,6.0,Tablet,ABC.com,15,0.06,0.6
816,816,816,2023-08-03,900.0,9.0,Tablet,ABC.com,8,0.01,0.9
817,817,817,2023-04-16,500.0,13.0,Desktop,ABC.com,20,0.02,0.2
818,818,818,2023-06-30,600.0,16.0,Tablet,ABC.com,10,0.05,0.4
819,819,819,2023-01-30,900.0,18.0,Smartphone,ABC.com,11,0.09,0.5
820,820,820,2023-03-06,800.0,15.0,Smartphone,ABC.com,15,0.03,0.4
821,821,821,2023-05-28,70.0,3.0,Desktop,ABC.com,29,0.06,0.9
822,822,822,2023-05-14,30.0,16.0,Desktop,ABC.com,20,0.03,0.5
823,823,823,2023-04-12,70.0,12.0,Tablet,ABC.com,8,0.05,0.9
824,824,824,2023-09-21,90.0,16.0,Desktop,ABC.com,8,0.05,0.4
825,825,825,2023-10-28,30.0,12.0,Tablet,ABC.com,20,0.02,0.3
826,826,826,2023-12-22,100.0,3.0,Laptop,ABC.com,20,0.07,0.6
827,827,827,2023-12-14,900.0,10.0,Tablet,ABC.com,29,0.05,0.9
828,828,828,2023-07-05,600.0,18.0,Desktop,ABC.com,10,0.06,0.5
829,829,829,2023-09-25,50.0,11.0,Laptop,ABC.com,29,0.05,0.3
830,830,830,2023-03-24,100.0,12.0,Tablet,ABC.com,11,0.04,0.6
831,831,831,2023-01-06,30.0,11.0,Laptop,ABC.com,20,0.06,0.7
832,832,832,2023-11-06,300.0,11.0,Tablet,ABC.com,12,0.09,0.6
833,833,833,2023-02-21,20.0,18.0,Laptop,ABC.com,15,0.02,0.5
834,834,834,2023-05-30,80.0,6.0,Smartphone,ABC.com,12,0.07,0.3
835,835,835,2023-03-08,30.0,15.0,Smartphone,ABC.com,12,0.07,0.5
836,836,836,2023-07-23,70.0,12.0,Tablet,ABC.com,8,0.09,0.2
837,837,837,2023-10-06,700.0,13.0,Laptop,ABC.com,15,0.06,0.6
838,838,838,2023-11-22,20.0,16.0,Tablet,ABC.com,11,0.01,0.3
839,839,839,2023-03-17,50.0,13.0,Smartphone,ABC.com,20,0.06,0.7
840,840,840,2023-12-14,600.0,9.0,Desktop,ABC.com,29,0.08,0.5
841,841,841,2023-12-27,10.0,6.0,Smartphone,ABC.com,20,0.07,0.5
842,842,842,2023-11-03,800.0,12.0,Smartphone,ABC.com,11,0.02,0.3
843,843,843,2023-11-05,70.0,16.0,Tablet,ABC.com,11,0.06,0.4
844,844,844,2023-06-08,10.0,9.0,Smartphone,ABC.com,29,0.06,0.6
845,845,845,2023-04-16,40.0,13.0,Desktop,ABC.com,12,0.04,0.7
846,846,846,2023-03-31,900.0,14.0,Tablet,ABC.com,11,0.05,0.5
847,847,847,2023-06-28,10.0,15.0,Smartphone,ABC.com,29,0.07,0.6
848,848,848,2023-05-22,600.0,16.0,Laptop,ABC.com,29,0.08,0.2
849,849,849,2023-03-09,600.0,15.0,Smartphone,ABC.com,29,0.02,0.3
850,850,850,2023-05-27,50.0,12.0,Smartphone,ABC.com,15,0.04,0.4
851,851,851,2023-12-28,500.0,12.0,Smartphone,ABC.com,29,0.07,0.7
852,852,852,2023-11-02,600.0,16.0,Desktop,ABC.com,10,0.03,0.7
853,853,853,2023-11-03,90.0,9.0,Tablet,ABC.com,12,0.08,0.4
854,854,854,2023-06-17,80.0,18.0,Desktop,ABC.com,10,0.09,0.9
855,855,855,2023-12-27,10.0,11.0,Laptop,ABC.com,8,0.08,0.5
856,856,856,2023-04-22,900.0,16.0,Laptop,ABC.com,29,0.03,0.6
857,857,857,2023-09-12,50.0,12.0,Smartphone,ABC.com,8,0.06,0.6
858,858,858,2023-07-11,80.0,20.0,Smartphone,ABC.com,10,0.07,0.6
859,859,859,2023-09-19,400.0,11.0,Smartphone,ABC.com,29,0.03,0.5
860,860,860,2023-03-19,60.0,10.0,Laptop,ABC.com,12,0.07,0.4
861,861,861,2023-12-03,70.0,13.0,Desktop,ABC.com,15,0.07,0.7
862,862,862,2023-10-14,50.0,11.0,Smartphone,ABC.com,12,0.03,0.5
863,863,863,2023-04-07,700.0,15.0,Tablet,ABC.com,12,0.09,0.3
864,864,864,2023-07-22,700.0,11.0,Laptop,ABC.com,10,0.02,0.9
865,865,865,2023-11-11,500.0,10.0,Smartphone,ABC.com,12,0.05,0.2
866,866,866,2023-02-02,100.0,3.0,Tablet,ABC.com,29,0.03,0.2
867,867,867,2023-06-12,1000.0,10.0,Tablet,ABC.com,10,0.06,0.6
868,868,868,2023-08-12,300.0,16.0,Tablet,ABC.com,11,0.02,0.7
869,869,869,2023-06-17,90.0,11.0,Laptop,ABC.com,8,0.01,0.5
870,870,870,2023-02-21,500.0,13.0,Smartphone,ABC.com,15,0.07,0.6
871,871,871,2023-11-20,60.0,20.0,Desktop,ABC.com,10,0.07,0.2
872,872,872,2023-12-12,30.0,9.0,Tablet,ABC.com,20,0.03,0.4
873,873,873,2023-05-13,800.0,12.0,Smartphone,ABC.com,12,0.03,0.7
874,874,874,2023-08-20,700.0,6.0,Laptop,ABC.com,8,0.03,0.4
875,875,875,2023-06-10,10.0,3.0,Smartphone,ABC.com,29,0.06,0.9
876,876,876,2023-04-11,30.0,9.0,Smartphone,ABC.com,10,0.05,0.6
877,877,877,2023-12-08,1000.0,16.0,Desktop,ABC.com,29,0.04,0.2
878,878,878,2023-03-15,30.0,11.0,Laptop,ABC.com,29,0.04,0.9
879,879,879,2023-03-01,400.0,12.0,Smartphone,ABC.com,12,0.01,0.4
880,880,880,2023-05-23,50.0,13.0,Laptop,ABC.com,29,0.09,0.7
881,881,881,2023-05-13,80.0,9.0,Laptop,ABC.com,8,0.01,0.6
882,882,882,2023-07-13,20.0,9.0,Laptop,ABC.com,10,0.01,0.2
883,883,883,2023-07-31,20.0,9.0,Desktop,ABC.com,11,0.02,0.4
884,884,884,2023-03-23,10.0,14.0,Smartphone,ABC.com,12,0.08,0.4
885,885,885,2023-04-09,30.0,16.0,Desktop,ABC.com,15,0.03,0.5
886,886,886,2023-10-02,60.0,14.0,Laptop,ABC.com,15,0.02,0.6
887,887,887,2023-11-12,300.0,6.0,Laptop,ABC.com,15,0.09,0.3
888,888,888,2023-09-02,70.0,16.0,Tablet,ABC.com,29,0.01,0.4
889,889,889,2023-04-19,300.0,9.0,Tablet,ABC.com,29,0.03,0.4
890,890,890,2023-04-16,80.0,13.0,Tablet,ABC.com,15,0.04,0.5
891,891,891,2023-09-30,90.0,6.0,Smartphone,ABC.com,10,0.02,0.7
892,892,892,2023-12-01,1000.0,9.0,Desktop,ABC.com,10,0.04,0.5
893,893,893,2023-09-28,10.0,15.0,Desktop,ABC.com,10,0.06,0.3
894,894,894,2023-05-15,100.0,6.0,Tablet,ABC.com,11,0.04,0.7
895,895,895,2023-10-13,90.0,15.0,Tablet,ABC.com,8,0.06,0.9
896,896,896,2023-07-29,10.0,16.0,Tablet,ABC.com,8,0.04,0.6
897,897,897,2023-03-20,800.0,14.0,Laptop,ABC.com,8,0.04,0.5
898,898,898,2023-11-19,800.0,10.0,Laptop,ABC.com,10,0.08,0.9
899,899,899,2023-07-03,70.0,12.0,Laptop,ABC.com,10,0.08,0.4
900,900,900,2023-10-04,700.0,6.0,Tablet,ABC.com,29,0.02,0.9
901,901,901,2023-10-11,90.0,15.0,Desktop,ABC.com,20,0.02,0.3
902,902,902,2023-07-30,60.0,12.0,Desktop,ABC.com,11,0.08,0.3
903,903,903,2023-02-28,1000.0,15.0,Desktop,ABC.com,12,0.02,0.3
904,904,904,2023-11-22,100.0,12.0,Tablet,ABC.com,12,0.09,0.4
905,905,905,2023-04-29,1000.0,20.0,Tablet,ABC.com,11,0.05,0.7
906,906,906,2023-04-07,200.0,13.0,Laptop,ABC.com,29,0.05,0.2
907,907,907,2023-04-20,1000.0,16.0,Laptop,ABC.com,15,0.05,0.2
908,908,908,2023-02-11,600.0,3.0,Laptop,ABC.com,11,0.05,0.3
909,909,909,2023-04-01,90.0,3.0,Desktop,ABC.com,10,0.04,0.6
910,910,910,2023-09-23,70.0,9.0,Tablet,ABC.com,12,0.07,0.9
911,911,911,2023-01-30,800.0,14.0,Laptop,ABC.com,20,0.04,0.3
912,912,912,2023-12-05,30.0,6.0,Desktop,ABC.com,11,0.08,0.7
913,913,913,2023-03-15,80.0,13.0,Laptop,ABC.com,8,0.06,0.2
914,914,914,2023-10-15,1000.0,6.0,Tablet,ABC.com,11,0.05,0.9
915,915,915,2023-07-04,700.0,16.0,Laptop,ABC.com,29,0.09,0.3
916,916,916,2023-06-29,400.0,6.0,Tablet,ABC.com,10,0.04,0.9
917,917,917,2023-05-01,30.0,10.0,Desktop,ABC.com,20,0.01,0.7
918,918,918,2023-06-14,600.0,10.0,Tablet,ABC.com,20,0.05,0.9
919,919,919,2023-05-03,90.0,6.0,Laptop,ABC.com,12,0.02,0.7
920,920,920,2023-04-04,1000.0,16.0,Tablet,ABC.com,29,0.03,0.7
921,921,921,2023-09-12,500.0,10.0,Desktop,ABC.com,29,0.05,0.3
922,922,922,2023-08-15,500.0,10.0,Desktop,ABC.com,11,0.01,0.2
923,923,923,2023-12-21,40.0,3.0,Desktop,ABC.com,10,0.09,0.5
924,924,924,2023-02-04,700.0,6.0,Laptop,ABC.com,29,0.03,0.4
925,925,925,2023-09-01,30.0,9.0,Tablet,ABC.com,8,0.03,0.5
926,926,926,2023-08-08,90.0,11.0,Desktop,ABC.com,20,0.08,0.6
927,927,927,2023-09-01,200.0,6.0,Desktop,ABC.com,29,0.01,0.3
928,928,928,2023-12-25,500.0,10.0,Smartphone,ABC.com,11,0.04,0.9
929,929,929,2023-09-15,70.0,6.0,Tablet,ABC.com,15,0.02,0.9
930,930,930,2023-11-26,60.0,18.0,Laptop,ABC.com,29,0.07,0.5
931,931,931,2023-12-05,20.0,14.0,Laptop,ABC.com,8,0.04,0.4
932,932,932,2023-10-07,700.0,16.0,Smartphone,ABC.com,11,0.08,0.7
933,933,933,2023-10-18,50.0,6.0,Desktop,ABC.com,15,0.08,0.9
934,934,934,2023-10-07,300.0,3.0,Smartphone,ABC.com,11,0.07,0.4
935,935,935,2023-12-28,500.0,13.0,Desktop,ABC.com,11,0.07,0.7
936,936,936,2023-01-09,800.0,14.0,Tablet,ABC.com,11,0.05,0.9
937,937,937,2023-12-09,30.0,16.0,Smartphone,ABC.com,8,0.07,0.5
938,938,938,2023-08-31,40.0,3.0,Desktop,ABC.com,15,0.01,0.4
939,939,939,2023-10-05,100.0,12.0,Desktop,ABC.com,12,0.08,0.3
940,940,940,2023-05-11,10.0,16.0,Desktop,ABC.com,12,0.02,0.9
941,941,941,2023-07-18,400.0,13.0,Laptop,ABC.com,15,0.01,0.7
942,942,942,2023-05-15,30.0,13.0,Desktop,ABC.com,10,0.06,0.6
943,943,943,2023-02-22,30.0,10.0,Smartphone,ABC.com,10,0.05,0.2
944,944,944,2023-11-07,20.0,15.0,Laptop,ABC.com,20,0.06,0.7
945,945,945,2023-04-05,30.0,9.0,Laptop,ABC.com,15,0.02,0.6
946,946,946,2023-05-14,900.0,6.0,Desktop,ABC.com,15,0.05,0.2
947,947,947,2023-09-13,10.0,16.0,Tablet,ABC.com,12,0.05,0.2
948,948,948,2023-03-16,600.0,9.0,Laptop,ABC.com,11,0.01,0.7
949,949,949,2023-04-06,20.0,6.0,Tablet,ABC.com,20,0.05,0.2
950,950,950,2023-05-12,40.0,11.0,Desktop,ABC.com,20,0.02,0.5
951,951,951,2023-06-16,10.0,20.0,Laptop,ABC.com,15,0.06,0.9
952,952,952,2023-01-06,40.0,20.0,Laptop,ABC.com,20,0.07,0.5
953,953,953,2023-06-20,400.0,9.0,Smartphone,ABC.com,11,0.05,0.4
954,954,954,2023-07-27,100.0,9.0,Laptop,ABC.com,29,0.08,0.2
955,955,955,2023-04-13,200.0,14.0,Smartphone,ABC.com,15,0.03,0.7
956,956,956,2023-01-02,800.0,13.0,Desktop,ABC.com,20,0.09,0.3
957,957,957,2023-01-10,500.0,10.0,Laptop,ABC.com,8,0.08,0.6
958,958,958,2023-03-25,70.0,13.0,Smartphone,ABC.com,29,0.03,0.6
959,959,959,2023-03-15,80.0,3.0,Tablet,ABC.com,15,0.01,0.3
960,960,960,2023-05-10,70.0,3.0,Laptop,ABC.com,12,0.06,0.4
961,961,961,2023-09-08,80.0,18.0,Smartphone,ABC.com,11,0.09,0.5
962,962,962,2023-11-24,100.0,10.0,Laptop,ABC.com,20,0.04,0.4
963,963,963,2023-11-19,80.0,3.0,Tablet,ABC.com,15,0.02,0.2
964,964,964,2023-03-30,500.0,3.0,Desktop,ABC.com,10,0.04,0.9
965,965,965,2023-02-20,10.0,10.0,Tablet,ABC.com,12,0.07,0.5
966,966,966,2023-06-24,90.0,16.0,Laptop,ABC.com,10,0.01,0.4
967,967,967,2023-10-17,900.0,9.0,Desktop,ABC.com,29,0.08,0.5
968,968,968,2023-11-30,80.0,6.0,Smartphone,ABC.com,10,0.07,0.6
969,969,969,2023-07-13,70.0,11.0,Laptop,ABC.com,11,0.01,0.2
970,970,970,2023-07-10,600.0,11.0,Laptop,ABC.com,10,0.02,0.7
971,971,971,2023-08-17,800.0,10.0,Desktop,ABC.com,12,0.06,0.7
972,972,972,2023-11-07,40.0,9.0,Desktop,ABC.com,12,0.01,0.5
973,973,973,2023-09-06,40.0,10.0,Laptop,ABC.com,15,0.07,0.3
974,974,974,2023-07-21,700.0,9.0,Laptop,ABC.com,20,0.08,0.9
975,975,975,2023-10-29,60.0,10.0,Tablet,ABC.com,29,0.04,0.4
976,976,976,2023-05-25,600.0,20.0,Tablet,ABC.com,11,0.04,0.6
977,977,977,2023-07-20,30.0,3.0,Smartphone,ABC.com,29,0.05,0.5
978,978,978,2023-01-24,100.0,18.0,Laptop,ABC.com,29,0.02,0.6
979,979,979,2023-10-03,60.0,9.0,Laptop,ABC.com,15,0.07,0.6
980,980,980,2023-09-12,10.0,15.0,Tablet,ABC.com,8,0.06,0.9
981,981,981,2023-09-01,70.0,18.0,Laptop,ABC.com,10,0.01,0.5
982,982,982,2023-04-24,40.0,12.0,Smartphone,ABC.com,12,0.03,0.6
983,983,983,2023-10-01,900.0,15.0,Desktop,ABC.com,20,0.05,0.7
984,984,984,2023-01-25,800.0,16.0,Tablet,ABC.com,29,0.04,0.3
985,985,985,2023-07-04,700.0,15.0,Tablet,ABC.com,8,0.04,0.9
986,986,986,2023-01-30,100.0,15.0,Tablet,ABC.com,20,0.09,0.6
987,987,987,2023-12-22,20.0,10.0,Desktop,ABC.com,11,0.05,0.5
988,988,988,2023-07-13,80.0,12.0,Desktop,ABC.com,20,0.07,0.3
989,989,989,2023-12-15,1000.0,12.0,Desktop,ABC.com,8,0.09,0.9
990,990,990,2023-08-31,50.0,14.0,Smartphone,ABC.com,10,0.05,0.9
991,991,991,2023-08-22,90.0,15.0,Laptop,ABC.com,8,0.08,0.4
992,992,992,2023-07-14,300.0,15.0,Tablet,ABC.com,29,0.04,0.7
993,993,993,2023-03-06,10.0,10.0,Laptop,ABC.com,8,0.07,0.2
994,994,994,2023-01-12,10.0,11.0,Laptop,ABC.com,12,0.09,0.5
995,995,995,2023-11-04,1000.0,11.0,Desktop,ABC.com,10,0.08,0.6
996,996,996,2023-05-25,1000.0,14.0,Desktop,ABC.com,8,0.03,0.6
997,997,997,2023-07-01,400.0,10.0,Desktop,ABC.com,20,0.04,0.3
998,998,998,2023-01-19,50.0,6.0,Desktop,ABC.com,15,0.07,0.5
999,999,999,2023-12-05,1000.0,9.0,Smartphone,ABC.com,29,0.05,0.7
1000,1000,1000,2023-11-01,1000.0,9.0,Laptop,ABC.com,10,0.09,0.6
